Workbook

Sheet Convertisseur
A1: Convertisseur de cotes
A2: Remplis les cellules jaunes. Valeur correcte + 2 crans en dessous, avec le rayon et les outils de ta liste.
A4: Cote à convertir | B4: 5/16 | C4: ← ex. 5/16, 1 3/8, 0.3125, 7.94
A5: Unité de la cote | B5: Fraction | C5: ← Fraction, Décimal (pouces) ou mm
A6: Table (pas des outils) | B6: 1/16 | C6: ← 1/16 = table du travail
A8: Cote
A9: Cote po | B9: =IF(ISNUMBER(Calcul!$C$11),Calcul!$C$11,"Cote invalide") -> 0.3125 | C9: Cote mm | D9: =IF(ISNUMBER(Calcul!$C$11),Calcul!$C$11*25.4,"") -> 7.9375
A10: Rayon po | B10: =IF(ISNUMBER(Calcul!$C$11),Calcul!$C$11/2,"") -> 0.15625 | C10: Rayon mm | D10: =IF(ISNUMBER(Calcul!$C$11),Calcul!$C$11*25.4/2,"") -> 3.96875
A11: Vérification | B11: =IF(NOT(ISNUMBER(Calcul!$C$11)),"Cote invalide : vérifie la saisie",IF(Calcul!$C$14<1,"Plus petit que "&Convertisseur!$B$6&" po : aucun outil",IF(ABS(Calcul!$C$11*Calcul!$C$13-ROUND(Calcul!$C$11*Calcul!$C$13,0))<0.0001,"Multiple exact de "&Convertisseur!$B$6,"Pas un multiple de "&Convertisseur!$B$6&" : arrondi au cran en dessous"))) -> Multiple exact de 1/16
A13: Choix | B13: Fraction | C13: Décimal (po) | D13: mm | E13: Rayon (po) | F13: Rayon (mm) | G13: Écart vs cote (po)
A14: Valeur correcte | B14: =IF(C14<=0,"—",IF(NOT(ISNUMBER(C14)),"",IF(C14<=0,"",IF(ABS(C14*64-ROUND(C14*64,0))>0.0005,"≈ ","")&IF(INT(ROUND(C14*64,0)/64)>0,INT(ROUND(C14*64,0)/64)&IF(MOD(ROUND(C14*64,0),64)>0," ",""),"")&IF(MOD(ROUND(C14*64,0),64)>0,MOD(ROUND(C14*64,0),64)/GCD(MOD(ROUND(C14*64,0),64),64)&"/"&64/GCD(MOD(ROUND(C14*64,0),64),64),IF(ROUND(C14*64,0)=0,"0",""))&""""))) -> 5/16" | C14: =IF(ISNUMBER(Calcul!$C$11),MAX(0,(Calcul!$C$14-0)/Calcul!$C$13),0) -> 0.3125 | D14: =IF(C14<=0,"—",C14*25.4) -> 7.9375 | E14: =IF(C14<=0,"—",C14/2) -> 0.15625 | F14: =IF(C14<=0,"—",C14*25.4/2) -> 3.96875 | G14: =IF(C14<=0,"—",C14-Calcul!$C$11) -> 0
A15: 1 cran en dessous | B15: =IF(C15<=0,"—",IF(NOT(ISNUMBER(C15)),"",IF(C15<=0,"",IF(ABS(C15*64-ROUND(C15*64,0))>0.0005,"≈ ","")&IF(INT(ROUND(C15*64,0)/64)>0,INT(ROUND(C15*64,0)/64)&IF(MOD(ROUND(C15*64,0),64)>0," ",""),"")&IF(MOD(ROUND(C15*64,0),64)>0,MOD(ROUND(C15*64,0),64)/GCD(MOD(ROUND(C15*64,0),64),64)&"/"&64/GCD(MOD(ROUND(C15*64,0),64),64),IF(ROUND(C15*64,0)=0,"0",""))&""""))) -> 1/4" | C15: =IF(ISNUMBER(Calcul!$C$11),MAX(0,(Calcul!$C$14-1)/Calcul!$C$13),0) -> 0.25 | D15: =IF(C15<=0,"—",C15*25.4) -> 6.35 | E15: =IF(C15<=0,"—",C15/2) -> 0.125 | F15: =IF(C15<=0,"—",C15*25.4/2) -> 3.175 | G15: =IF(C15<=0,"—",C15-Calcul!$C$11) -> -0.0625
A16: 2 crans en dessous | B16: =IF(C16<=0,"—",IF(NOT(ISNUMBER(C16)),"",IF(C16<=0,"",IF(ABS(C16*64-ROUND(C16*64,0))>0.0005,"≈ ","")&IF(INT(ROUND(C16*64,0)/64)>0,INT(ROUND(C16*64,0)/64)&IF(MOD(ROUND(C16*64,0),64)>0," ",""),"")&IF(MOD(ROUND(C16*64,0),64)>0,MOD(ROUND(C16*64,0),64)/GCD(MOD(ROUND(C16*64,0),64),64)&"/"&64/GCD(MOD(ROUND(C16*64,0),64),64),IF(ROUND(C16*64,0)=0,"0",""))&""""))) -> 3/16" | C16: =IF(ISNUMBER(Calcul!$C$11),MAX(0,(Calcul!$C$14-2)/Calcul!$C$13),0) -> 0.1875 | D16: =IF(C16<=0,"—",C16*25.4) -> 4.7625 | E16: =IF(C16<=0,"—",C16/2) -> 0.09375 | F16: =IF(C16<=0,"—",C16*25.4/2) -> 2.38125 | G16: =IF(C16<=0,"—",C16-Calcul!$C$11) -> -0.125
A19: ="Outils de ta liste pour "&IF(C14<=0,"—",B14)&" ("&A14&")" -> Outils de ta liste pour 5/16" (Valeur correcte)
A20: =IF(C14<=0,"",COUNT(Calcul!$M$60:$M$184)&" outil(s) de ce diamètre") -> 0 outil(s) de ce diamètre
A21: N° | B21: Type | C21: Direction | D21: LOC | E21: Emplacement | F21: N° fabricant | G21: Note
A22: =IF(IFERROR(MATCH(1,Calcul!$M$60:$M$184,0),0)=0,"",INDEX('Liste outils'!$B$6:$B$130,IFERROR(MATCH(1,Calcul!$M$60:$M$184,0),0))&"") | B22: =IF(IFERROR(MATCH(1,Calcul!$M$60:$M$184,0),0)=0,"",INDEX('Liste outils'!$C$6:$C$130,IFERROR(MATCH(1,Calcul!$M$60:$M$184,0),0))&"") | C22: =IF(IFERROR(MATCH(1,Calcul!$M$60:$M$184,0),0)=0,"",INDEX('Liste outils'!$J$6:$J$130,IFERROR(MATCH(1,Calcul!$M$60:$M$184,0),0))&"") | D22: =IF(IFERROR(MATCH(1,Calcul!$M$60:$M$184,0),0)=0,"",IF(ISNUMBER(INDEX('Liste outils'!$H$6:$H$130,IFERROR(MATCH(1,Calcul!$M$60:$M$184,0),0))),IF(NOT(ISNUMBER(INDEX('Liste outils'!$H$6:$H$130,IFERROR(MATCH(1,Calcul!$M$60:$M$184,0),0)))),"",IF(NOT(ISNUMBER(INDEX('Liste outils'!$H$6:$H$130,IFERROR(MATCH(1,Calcul!$M$60:$M$184,0),0)))),"",IF(INDEX('Liste outils'!$H$6:$H$130,IFERROR(MATCH(1,Calcul!$M$60:$M$184,0),0))<=0,"",IF(ABS(INDEX('Liste outils'!$H$6:$H$130,IFERROR(MATCH(1,Calcul!$M$60:$M$184,0),0))*64-ROUND(INDEX('Liste outils'!$H$6:$H$130,IFERROR(MATCH(1,Calcul!$M$60:$M$184,0),0))*64,0))>0.0005,"≈ ","")&IF(INT(ROUND(INDEX('Liste outils'!$H$6:$H$130,IFERROR(MATCH(1,Calcul!$M$60:$M$184,0),0))*64,0)/64)>0,INT(ROUND(INDEX('Liste outils'!$H$6:$H$130,IFERROR(MATCH(1,Calcul!$M$60:$M$184,0),0))*64,0)/64)&IF(MOD(ROUND(INDEX('Liste outils'!$H$6:$H$130,IFERROR(MATCH(1,Calcul!$M$60:$M$184,0),0))*64,0),64)>0," ",""),"")&IF(MOD(ROUND(INDEX('Liste outils'!$H$6:$H$130,IFERROR(MATCH(1,Calcul!$M$60:$M$184,0),0))*64,0),64)>0,MOD(ROUND(INDEX('Liste outils'!$H$6:$H$130,IFERROR(MATCH(1,Calcul!$M$60:$M$184,0),0))*64,0),64)/GCD(MOD(ROUND(INDEX('Liste outils'!$H$6:$H$130,IFERROR(MATCH(1,Calcul!$M$60:$M$184,0),0))*64,0),64),64)&"/"&64/GCD(MOD(ROUND(INDEX('Liste outils'!$H$6:$H$130,IFERROR(MATCH(1,Calcul!$M$60:$M$184,0),0))*64,0),64),64),IF(ROUND(INDEX('Liste outils'!$H$6:$H$130,IFERROR(MATCH(1,Calcul!$M$60:$M$184,0),0))*64,0)=0,"0",""))&""""))&" · "&FIXED(INDEX('Liste outils'!$H$6:$H$130,IFERROR(MATCH(1,Calcul!$M$60:$M$184,0),0)),4,TRUE())&" po · "&FIXED(INDEX('Liste outils'!$H$6:$H$130,IFERROR(MATCH(1,Calcul!$M$60:$M$184,0),0))*25.4,3,TRUE())&" mm"),"")) | E22: =IF(IFERROR(MATCH(1,Calcul!$M$60:$M$184,0),0)=0,"",INDEX('Liste outils'!$AB$6:$AB$130,IFERROR(MATCH(1,Calcul!$M$60:$M$184,0),0))&"") | F22: =IF(IFERROR(MATCH(1,Calcul!$M$60:$M$184,0),0)=0,"",INDEX('Liste outils'!$O$6:$O$130,IFERROR(MATCH(1,Calcul!$M$60:$M$184,0),0))&"") | G22: =IF(IFERROR(MATCH(1,Calcul!$M$60:$M$184,0),0)=0,"",INDEX('Liste outils'!$AC$6:$AC$130,IFERROR(MATCH(1,Calcul!$M$60:$M$184,0),0))&"")
A23: =IF(IFERROR(MATCH(2,Calcul!$M$60:$M$184,0),0)=0,"",INDEX('Liste outils'!$B$6:$B$130,IFERROR(MATCH(2,Calcul!$M$60:$M$184,0),0))&"") | B23: =IF(IFERROR(MATCH(2,Calcul!$M$60:$M$184,0),0)=0,"",INDEX('Liste outils'!$C$6:$C$130,IFERROR(MATCH(2,Calcul!$M$60:$M$184,0),0))&"") | C23: =IF(IFERROR(MATCH(2,Calcul!$M$60:$M$184,0),0)=0,"",INDEX('Liste outils'!$J$6:$J$130,IFERROR(MATCH(2,Calcul!$M$60:$M$184,0),0))&"") | D23: =IF(IFERROR(MATCH(2,Calcul!$M$60:$M$184,0),0)=0,"",IF(ISNUMBER(INDEX('Liste outils'!$H$6:$H$130,IFERROR(MATCH(2,Calcul!$M$60:$M$184,0),0))),IF(NOT(ISNUMBER(INDEX('Liste outils'!$H$6:$H$130,IFERROR(MATCH(2,Calcul!$M$60:$M$184,0),0)))),"",IF(NOT(ISNUMBER(INDEX('Liste outils'!$H$6:$H$130,IFERROR(MATCH(2,Calcul!$M$60:$M$184,0),0)))),"",IF(INDEX('Liste outils'!$H$6:$H$130,IFERROR(MATCH(2,Calcul!$M$60:$M$184,0),0))<=0,"",IF(ABS(INDEX('Liste outils'!$H$6:$H$130,IFERROR(MATCH(2,Calcul!$M$60:$M$184,0),0))*64-ROUND(INDEX('Liste outils'!$H$6:$H$130,IFERROR(MATCH(2,Calcul!$M$60:$M$184,0),0))*64,0))>0.0005,"≈ ","")&IF(INT(ROUND(INDEX('Liste outils'!$H$6:$H$130,IFERROR(MATCH(2,Calcul!$M$60:$M$184,0),0))*64,0)/64)>0,INT(ROUND(INDEX('Liste outils'!$H$6:$H$130,IFERROR(MATCH(2,Calcul!$M$60:$M$184,0),0))*64,0)/64)&IF(MOD(ROUND(INDEX('Liste outils'!$H$6:$H$130,IFERROR(MATCH(2,Calcul!$M$60:$M$184,0),0))*64,0),64)>0," ",""),"")&IF(MOD(ROUND(INDEX('Liste outils'!$H$6:$H$130,IFERROR(MATCH(2,Calcul!$M$60:$M$184,0),0))*64,0),64)>0,MOD(ROUND(INDEX('Liste outils'!$H$6:$H$130,IFERROR(MATCH(2,Calcul!$M$60:$M$184,0),0))*64,0),64)/GCD(MOD(ROUND(INDEX('Liste outils'!$H$6:$H$130,IFERROR(MATCH(2,Calcul!$M$60:$M$184,0),0))*64,0),64),64)&"/"&64/GCD(MOD(ROUND(INDEX('Liste outils'!$H$6:$H$130,IFERROR(MATCH(2,Calcul!$M$60:$M$184,0),0))*64,0),64),64),IF(ROUND(INDEX('Liste outils'!$H$6:$H$130,IFERROR(MATCH(2,Calcul!$M$60:$M$184,0),0))*64,0)=0,"0",""))&""""))&" · "&FIXED(INDEX('Liste outils'!$H$6:$H$130,IFERROR(MATCH(2,Calcul!$M$60:$M$184,0),0)),4,TRUE())&" po · "&FIXED(INDEX('Liste outils'!$H$6:$H$130,IFERROR(MATCH(2,Calcul!$M$60:$M$184,0),0))*25.4,3,TRUE())&" mm"),"")) | E23: =IF(IFERROR(MATCH(2,Calcul!$M$60:$M$184,0),0)=0,"",INDEX('Liste outils'!$AB$6:$AB$130,IFERROR(MATCH(2,Calcul!$M$60:$M$184,0),0))&"") | F23: =IF(IFERROR(MATCH(2,Calcul!$M$60:$M$184,0),0)=0,"",INDEX('Liste outils'!$O$6:$O$130,IFERROR(MATCH(2,Calcul!$M$60:$M$184,0),0))&"") | G23: =IF(IFERROR(MATCH(2,Calcul!$M$60:$M$184,0),0)=0,"",INDEX('Liste outils'!$AC$6:$AC$130,IFERROR(MATCH(2,Calcul!$M$60:$M$184,0),0))&"")
A24: =IF(IFERROR(MATCH(3,Calcul!$M$60:$M$184,0),0)=0,"",INDEX('Liste outils'!$B$6:$B$130,IFERROR(MATCH(3,Calcul!$M$60:$M$184,0),0))&"") | B24: =IF(IFERROR(MATCH(3,Calcul!$M$60:$M$184,0),0)=0,"",INDEX('Liste outils'!$C$6:$C$130,IFERROR(MATCH(3,Calcul!$M$60:$M$184,0),0))&"") | C24: =IF(IFERROR(MATCH(3,Calcul!$M$60:$M$184,0),0)=0,"",INDEX('Liste outils'!$J$6:$J$130,IFERROR(MATCH(3,Calcul!$M$60:$M$184,0),0))&"") | D24: =IF(IFERROR(MATCH(3,Calcul!$M$60:$M$184,0),0)=0,"",IF(ISNUMBER(INDEX('Liste outils'!$H$6:$H$130,IFERROR(MATCH(3,Calcul!$M$60:$M$184,0),0))),IF(NOT(ISNUMBER(INDEX('Liste outils'!$H$6:$H$130,IFERROR(MATCH(3,Calcul!$M$60:$M$184,0),0)))),"",IF(NOT(ISNUMBER(INDEX('Liste outils'!$H$6:$H$130,IFERROR(MATCH(3,Calcul!$M$60:$M$184,0),0)))),"",IF(INDEX('Liste outils'!$H$6:$H$130,IFERROR(MATCH(3,Calcul!$M$60:$M$184,0),0))<=0,"",IF(ABS(INDEX('Liste outils'!$H$6:$H$130,IFERROR(MATCH(3,Calcul!$M$60:$M$184,0),0))*64-ROUND(INDEX('Liste outils'!$H$6:$H$130,IFERROR(MATCH(3,Calcul!$M$60:$M$184,0),0))*64,0))>0.0005,"≈ ","")&IF(INT(ROUND(INDEX('Liste outils'!$H$6:$H$130,IFERROR(MATCH(3,Calcul!$M$60:$M$184,0),0))*64,0)/64)>0,INT(ROUND(INDEX('Liste outils'!$H$6:$H$130,IFERROR(MATCH(3,Calcul!$M$60:$M$184,0),0))*64,0)/64)&IF(MOD(ROUND(INDEX('Liste outils'!$H$6:$H$130,IFERROR(MATCH(3,Calcul!$M$60:$M$184,0),0))*64,0),64)>0," ",""),"")&IF(MOD(ROUND(INDEX('Liste outils'!$H$6:$H$130,IFERROR(MATCH(3,Calcul!$M$60:$M$184,0),0))*64,0),64)>0,MOD(ROUND(INDEX('Liste outils'!$H$6:$H$130,IFERROR(MATCH(3,Calcul!$M$60:$M$184,0),0))*64,0),64)/GCD(MOD(ROUND(INDEX('Liste outils'!$H$6:$H$130,IFERROR(MATCH(3,Calcul!$M$60:$M$184,0),0))*64,0),64),64)&"/"&64/GCD(MOD(ROUND(INDEX('Liste outils'!$H$6:$H$130,IFERROR(MATCH(3,Calcul!$M$60:$M$184,0),0))*64,0),64),64),IF(ROUND(INDEX('Liste outils'!$H$6:$H$130,IFERROR(MATCH(3,Calcul!$M$60:$M$184,0),0))*64,0)=0,"0",""))&""""))&" · "&FIXED(INDEX('Liste outils'!$H$6:$H$130,IFERROR(MATCH(3,Calcul!$M$60:$M$184,0),0)),4,TRUE())&" po · "&FIXED(INDEX('Liste outils'!$H$6:$H$130,IFERROR(MATCH(3,Calcul!$M$60:$M$184,0),0))*25.4,3,TRUE())&" mm"),"")) | E24: =IF(IFERROR(MATCH(3,Calcul!$M$60:$M$184,0),0)=0,"",INDEX('Liste outils'!$AB$6:$AB$130,IFERROR(MATCH(3,Calcul!$M$60:$M$184,0),0))&"") | F24: =IF(IFERROR(MATCH(3,Calcul!$M$60:$M$184,0),0)=0,"",INDEX('Liste outils'!$O$6:$O$130,IFERROR(MATCH(3,Calcul!$M$60:$M$184,0),0))&"") | G24: =IF(IFERROR(MATCH(3,Calcul!$M$60:$M$184,0),0)=0,"",INDEX('Liste outils'!$AC$6:$AC$130,IFERROR(MATCH(3,Calcul!$M$60:$M$184,0),0))&"")
A25: =IF(IFERROR(MATCH(4,Calcul!$M$60:$M$184,0),0)=0,"",INDEX('Liste outils'!$B$6:$B$130,IFERROR(MATCH(4,Calcul!$M$60:$M$184,0),0))&"") | B25: =IF(IFERROR(MATCH(4,Calcul!$M$60:$M$184,0),0)=0,"",INDEX('Liste outils'!$C$6:$C$130,IFERROR(MATCH(4,Calcul!$M$60:$M$184,0),0))&"") | C25: =IF(IFERROR(MATCH(4,Calcul!$M$60:$M$184,0),0)=0,"",INDEX('Liste outils'!$J$6:$J$130,IFERROR(MATCH(4,Calcul!$M$60:$M$184,0),0))&"") | D25: =IF(IFERROR(MATCH(4,Calcul!$M$60:$M$184,0),0)=0,"",IF(ISNUMBER(INDEX('Liste outils'!$H$6:$H$130,IFERROR(MATCH(4,Calcul!$M$60:$M$184,0),0))),IF(NOT(ISNUMBER(INDEX('Liste outils'!$H$6:$H$130,IFERROR(MATCH(4,Calcul!$M$60:$M$184,0),0)))),"",IF(NOT(ISNUMBER(INDEX('Liste outils'!$H$6:$H$130,IFERROR(MATCH(4,Calcul!$M$60:$M$184,0),0)))),"",IF(INDEX('Liste outils'!$H$6:$H$130,IFERROR(MATCH(4,Calcul!$M$60:$M$184,0),0))<=0,"",IF(ABS(INDEX('Liste outils'!$H$6:$H$130,IFERROR(MATCH(4,Calcul!$M$60:$M$184,0),0))*64-ROUND(INDEX('Liste outils'!$H$6:$H$130,IFERROR(MATCH(4,Calcul!$M$60:$M$184,0),0))*64,0))>0.0005,"≈ ","")&IF(INT(ROUND(INDEX('Liste outils'!$H$6:$H$130,IFERROR(MATCH(4,Calcul!$M$60:$M$184,0),0))*64,0)/64)>0,INT(ROUND(INDEX('Liste outils'!$H$6:$H$130,IFERROR(MATCH(4,Calcul!$M$60:$M$184,0),0))*64,0)/64)&IF(MOD(ROUND(INDEX('Liste outils'!$H$6:$H$130,IFERROR(MATCH(4,Calcul!$M$60:$M$184,0),0))*64,0),64)>0," ",""),"")&IF(MOD(ROUND(INDEX('Liste outils'!$H$6:$H$130,IFERROR(MATCH(4,Calcul!$M$60:$M$184,0),0))*64,0),64)>0,MOD(ROUND(INDEX('Liste outils'!$H$6:$H$130,IFERROR(MATCH(4,Calcul!$M$60:$M$184,0),0))*64,0),64)/GCD(MOD(ROUND(INDEX('Liste outils'!$H$6:$H$130,IFERROR(MATCH(4,Calcul!$M$60:$M$184,0),0))*64,0),64),64)&"/"&64/GCD(MOD(ROUND(INDEX('Liste outils'!$H$6:$H$130,IFERROR(MATCH(4,Calcul!$M$60:$M$184,0),0))*64,0),64),64),IF(ROUND(INDEX('Liste outils'!$H$6:$H$130,IFERROR(MATCH(4,Calcul!$M$60:$M$184,0),0))*64,0)=0,"0",""))&""""))&" · "&FIXED(INDEX('Liste outils'!$H$6:$H$130,IFERROR(MATCH(4,Calcul!$M$60:$M$184,0),0)),4,TRUE())&" po · "&FIXED(INDEX('Liste outils'!$H$6:$H$130,IFERROR(MATCH(4,Calcul!$M$60:$M$184,0),0))*25.4,3,TRUE())&" mm"),"")) | E25: =IF(IFERROR(MATCH(4,Calcul!$M$60:$M$184,0),0)=0,"",INDEX('Liste outils'!$AB$6:$AB$130,IFERROR(MATCH(4,Calcul!$M$60:$M$184,0),0))&"") | F25: =IF(IFERROR(MATCH(4,Calcul!$M$60:$M$184,0),0)=0,"",INDEX('Liste outils'!$O$6:$O$130,IFERROR(MATCH(4,Calcul!$M$60:$M$184,0),0))&"") | G25: =IF(IFERROR(MATCH(4,Calcul!$M$60:$M$184,0),0)=0,"",INDEX('Liste outils'!$AC$6:$AC$130,IFERROR(MATCH(4,Calcul!$M$60:$M$184,0),0))&"")
A26: =IF(IFERROR(MATCH(5,Calcul!$M$60:$M$184,0),0)=0,"",INDEX('Liste outils'!$B$6:$B$130,IFERROR(MATCH(5,Calcul!$M$60:$M$184,0),0))&"") | B26: =IF(IFERROR(MATCH(5,Calcul!$M$60:$M$184,0),0)=0,"",INDEX('Liste outils'!$C$6:$C$130,IFERROR(MATCH(5,Calcul!$M$60:$M$184,0),0))&"") | C26: =IF(IFERROR(MATCH(5,Calcul!$M$60:$M$184,0),0)=0,"",INDEX('Liste outils'!$J$6:$J$130,IFERROR(MATCH(5,Calcul!$M$60:$M$184,0),0))&"") | D26: =IF(IFERROR(MATCH(5,Calcul!$M$60:$M$184,0),0)=0,"",IF(ISNUMBER(INDEX('Liste outils'!$H$6:$H$130,IFERROR(MATCH(5,Calcul!$M$60:$M$184,0),0))),IF(NOT(ISNUMBER(INDEX('Liste outils'!$H$6:$H$130,IFERROR(MATCH(5,Calcul!$M$60:$M$184,0),0)))),"",IF(NOT(ISNUMBER(INDEX('Liste outils'!$H$6:$H$130,IFERROR(MATCH(5,Calcul!$M$60:$M$184,0),0)))),"",IF(INDEX('Liste outils'!$H$6:$H$130,IFERROR(MATCH(5,Calcul!$M$60:$M$184,0),0))<=0,"",IF(ABS(INDEX('Liste outils'!$H$6:$H$130,IFERROR(MATCH(5,Calcul!$M$60:$M$184,0),0))*64-ROUND(INDEX('Liste outils'!$H$6:$H$130,IFERROR(MATCH(5,Calcul!$M$60:$M$184,0),0))*64,0))>0.0005,"≈ ","")&IF(INT(ROUND(INDEX('Liste outils'!$H$6:$H$130,IFERROR(MATCH(5,Calcul!$M$60:$M$184,0),0))*64,0)/64)>0,INT(ROUND(INDEX('Liste outils'!$H$6:$H$130,IFERROR(MATCH(5,Calcul!$M$60:$M$184,0),0))*64,0)/64)&IF(MOD(ROUND(INDEX('Liste outils'!$H$6:$H$130,IFERROR(MATCH(5,Calcul!$M$60:$M$184,0),0))*64,0),64)>0," ",""),"")&IF(MOD(ROUND(INDEX('Liste outils'!$H$6:$H$130,IFERROR(MATCH(5,Calcul!$M$60:$M$184,0),0))*64,0),64)>0,MOD(ROUND(INDEX('Liste outils'!$H$6:$H$130,IFERROR(MATCH(5,Calcul!$M$60:$M$184,0),0))*64,0),64)/GCD(MOD(ROUND(INDEX('Liste outils'!$H$6:$H$130,IFERROR(MATCH(5,Calcul!$M$60:$M$184,0),0))*64,0),64),64)&"/"&64/GCD(MOD(ROUND(INDEX('Liste outils'!$H$6:$H$130,IFERROR(MATCH(5,Calcul!$M$60:$M$184,0),0))*64,0),64),64),IF(ROUND(INDEX('Liste outils'!$H$6:$H$130,IFERROR(MATCH(5,Calcul!$M$60:$M$184,0),0))*64,0)=0,"0",""))&""""))&" · "&FIXED(INDEX('Liste outils'!$H$6:$H$130,IFERROR(MATCH(5,Calcul!$M$60:$M$184,0),0)),4,TRUE())&" po · "&FIXED(INDEX('Liste outils'!$H$6:$H$130,IFERROR(MATCH(5,Calcul!$M$60:$M$184,0),0))*25.4,3,TRUE())&" mm"),"")) | E26: =IF(IFERROR(MATCH(5,Calcul!$M$60:$M$184,0),0)=0,"",INDEX('Liste outils'!$AB$6:$AB$130,IFERROR(MATCH(5,Calcul!$M$60:$M$184,0),0))&"") | F26: =IF(IFERROR(MATCH(5,Calcul!$M$60:$M$184,0),0)=0,"",INDEX('Liste outils'!$O$6:$O$130,IFERROR(MATCH(5,Calcul!$M$60:$M$184,0),0))&"") | G26: =IF(IFERROR(MATCH(5,Calcul!$M$60:$M$184,0),0)=0,"",INDEX('Liste outils'!$AC$6:$AC$130,IFERROR(MATCH(5,Calcul!$M$60:$M$184,0),0))&"")
A27: =IF(IFERROR(MATCH(6,Calcul!$M$60:$M$184,0),0)=0,"",INDEX('Liste outils'!$B$6:$B$130,IFERROR(MATCH(6,Calcul!$M$60:$M$184,0),0))&"") | B27: =IF(IFERROR(MATCH(6,Calcul!$M$60:$M$184,0),0)=0,"",INDEX('Liste outils'!$C$6:$C$130,IFERROR(MATCH(6,Calcul!$M$60:$M$184,0),0))&"") | C27: =IF(IFERROR(MATCH(6,Calcul!$M$60:$M$184,0),0)=0,"",INDEX('Liste outils'!$J$6:$J$130,IFERROR(MATCH(6,Calcul!$M$60:$M$184,0),0))&"") | D27: =IF(IFERROR(MATCH(6,Calcul!$M$60:$M$184,0),0)=0,"",IF(ISNUMBER(INDEX('Liste outils'!$H$6:$H$130,IFERROR(MATCH(6,Calcul!$M$60:$M$184,0),0))),IF(NOT(ISNUMBER(INDEX('Liste outils'!$H$6:$H$130,IFERROR(MATCH(6,Calcul!$M$60:$M$184,0),0)))),"",IF(NOT(ISNUMBER(INDEX('Liste outils'!$H$6:$H$130,IFERROR(MATCH(6,Calcul!$M$60:$M$184,0),0)))),"",IF(INDEX('Liste outils'!$H$6:$H$130,IFERROR(MATCH(6,Calcul!$M$60:$M$184,0),0))<=0,"",IF(ABS(INDEX('Liste outils'!$H$6:$H$130,IFERROR(MATCH(6,Calcul!$M$60:$M$184,0),0))*64-ROUND(INDEX('Liste outils'!$H$6:$H$130,IFERROR(MATCH(6,Calcul!$M$60:$M$184,0),0))*64,0))>0.0005,"≈ ","")&IF(INT(ROUND(INDEX('Liste outils'!$H$6:$H$130,IFERROR(MATCH(6,Calcul!$M$60:$M$184,0),0))*64,0)/64)>0,INT(ROUND(INDEX('Liste outils'!$H$6:$H$130,IFERROR(MATCH(6,Calcul!$M$60:$M$184,0),0))*64,0)/64)&IF(MOD(ROUND(INDEX('Liste outils'!$H$6:$H$130,IFERROR(MATCH(6,Calcul!$M$60:$M$184,0),0))*64,0),64)>0," ",""),"")&IF(MOD(ROUND(INDEX('Liste outils'!$H$6:$H$130,IFERROR(MATCH(6,Calcul!$M$60:$M$184,0),0))*64,0),64)>0,MOD(ROUND(INDEX('Liste outils'!$H$6:$H$130,IFERROR(MATCH(6,Calcul!$M$60:$M$184,0),0))*64,0),64)/GCD(MOD(ROUND(INDEX('Liste outils'!$H$6:$H$130,IFERROR(MATCH(6,Calcul!$M$60:$M$184,0),0))*64,0),64),64)&"/"&64/GCD(MOD(ROUND(INDEX('Liste outils'!$H$6:$H$130,IFERROR(MATCH(6,Calcul!$M$60:$M$184,0),0))*64,0),64),64),IF(ROUND(INDEX('Liste outils'!$H$6:$H$130,IFERROR(MATCH(6,Calcul!$M$60:$M$184,0),0))*64,0)=0,"0",""))&""""))&" · "&FIXED(INDEX('Liste outils'!$H$6:$H$130,IFERROR(MATCH(6,Calcul!$M$60:$M$184,0),0)),4,TRUE())&" po · "&FIXED(INDEX('Liste outils'!$H$6:$H$130,IFERROR(MATCH(6,Calcul!$M$60:$M$184,0),0))*25.4,3,TRUE())&" mm"),"")) | E27: =IF(IFERROR(MATCH(6,Calcul!$M$60:$M$184,0),0)=0,"",INDEX('Liste outils'!$AB$6:$AB$130,IFERROR(MATCH(6,Calcul!$M$60:$M$184,0),0))&"") | F27: =IF(IFERROR(MATCH(6,Calcul!$M$60:$M$184,0),0)=0,"",INDEX('Liste outils'!$O$6:$O$130,IFERROR(MATCH(6,Calcul!$M$60:$M$184,0),0))&"") | G27: =IF(IFERROR(MATCH(6,Calcul!$M$60:$M$184,0),0)=0,"",INDEX('Liste outils'!$AC$6:$AC$130,IFERROR(MATCH(6,Calcul!$M$60:$M$184,0),0))&"")
A28: =IF(IFERROR(MATCH(7,Calcul!$M$60:$M$184,0),0)=0,"",INDEX('Liste outils'!$B$6:$B$130,IFERROR(MATCH(7,Calcul!$M$60:$M$184,0),0))&"") | B28: =IF(IFERROR(MATCH(7,Calcul!$M$60:$M$184,0),0)=0,"",INDEX('Liste outils'!$C$6:$C$130,IFERROR(MATCH(7,Calcul!$M$60:$M$184,0),0))&"") | C28: =IF(IFERROR(MATCH(7,Calcul!$M$60:$M$184,0),0)=0,"",INDEX('Liste outils'!$J$6:$J$130,IFERROR(MATCH(7,Calcul!$M$60:$M$184,0),0))&"") | D28: =IF(IFERROR(MATCH(7,Calcul!$M$60:$M$184,0),0)=0,"",IF(ISNUMBER(INDEX('Liste outils'!$H$6:$H$130,IFERROR(MATCH(7,Calcul!$M$60:$M$184,0),0))),IF(NOT(ISNUMBER(INDEX('Liste outils'!$H$6:$H$130,IFERROR(MATCH(7,Calcul!$M$60:$M$184,0),0)))),"",IF(NOT(ISNUMBER(INDEX('Liste outils'!$H$6:$H$130,IFERROR(MATCH(7,Calcul!$M$60:$M$184,0),0)))),"",IF(INDEX('Liste outils'!$H$6:$H$130,IFERROR(MATCH(7,Calcul!$M$60:$M$184,0),0))<=0,"",IF(ABS(INDEX('Liste outils'!$H$6:$H$130,IFERROR(MATCH(7,Calcul!$M$60:$M$184,0),0))*64-ROUND(INDEX('Liste outils'!$H$6:$H$130,IFERROR(MATCH(7,Calcul!$M$60:$M$184,0),0))*64,0))>0.0005,"≈ ","")&IF(INT(ROUND(INDEX('Liste outils'!$H$6:$H$130,IFERROR(MATCH(7,Calcul!$M$60:$M$184,0),0))*64,0)/64)>0,INT(ROUND(INDEX('Liste outils'!$H$6:$H$130,IFERROR(MATCH(7,Calcul!$M$60:$M$184,0),0))*64,0)/64)&IF(MOD(ROUND(INDEX('Liste outils'!$H$6:$H$130,IFERROR(MATCH(7,Calcul!$M$60:$M$184,0),0))*64,0),64)>0," ",""),"")&IF(MOD(ROUND(INDEX('Liste outils'!$H$6:$H$130,IFERROR(MATCH(7,Calcul!$M$60:$M$184,0),0))*64,0),64)>0,MOD(ROUND(INDEX('Liste outils'!$H$6:$H$130,IFERROR(MATCH(7,Calcul!$M$60:$M$184,0),0))*64,0),64)/GCD(MOD(ROUND(INDEX('Liste outils'!$H$6:$H$130,IFERROR(MATCH(7,Calcul!$M$60:$M$184,0),0))*64,0),64),64)&"/"&64/GCD(MOD(ROUND(INDEX('Liste outils'!$H$6:$H$130,IFERROR(MATCH(7,Calcul!$M$60:$M$184,0),0))*64,0),64),64),IF(ROUND(INDEX('Liste outils'!$H$6:$H$130,IFERROR(MATCH(7,Calcul!$M$60:$M$184,0),0))*64,0)=0,"0",""))&""""))&" · "&FIXED(INDEX('Liste outils'!$H$6:$H$130,IFERROR(MATCH(7,Calcul!$M$60:$M$184,0),0)),4,TRUE())&" po · "&FIXED(INDEX('Liste outils'!$H$6:$H$130,IFERROR(MATCH(7,Calcul!$M$60:$M$184,0),0))*25.4,3,TRUE())&" mm"),"")) | E28: =IF(IFERROR(MATCH(7,Calcul!$M$60:$M$184,0),0)=0,"",INDEX('Liste outils'!$AB$6:$AB$130,IFERROR(MATCH(7,Calcul!$M$60:$M$184,0),0))&"") | F28: =IF(IFERROR(MATCH(7,Calcul!$M$60:$M$184,0),0)=0,"",INDEX('Liste outils'!$O$6:$O$130,IFERROR(MATCH(7,Calcul!$M$60:$M$184,0),0))&"") | G28: =IF(IFERROR(MATCH(7,Calcul!$M$60:$M$184,0),0)=0,"",INDEX('Liste outils'!$AC$6:$AC$130,IFERROR(MATCH(7,Calcul!$M$60:$M$184,0),0))&"")
A29: =IF(IFERROR(MATCH(8,Calcul!$M$60:$M$184,0),0)=0,"",INDEX('Liste outils'!$B$6:$B$130,IFERROR(MATCH(8,Calcul!$M$60:$M$184,0),0))&"") | B29: =IF(IFERROR(MATCH(8,Calcul!$M$60:$M$184,0),0)=0,"",INDEX('Liste outils'!$C$6:$C$130,IFERROR(MATCH(8,Calcul!$M$60:$M$184,0),0))&"") | C29: =IF(IFERROR(MATCH(8,Calcul!$M$60:$M$184,0),0)=0,"",INDEX('Liste outils'!$J$6:$J$130,IFERROR(MATCH(8,Calcul!$M$60:$M$184,0),0))&"") | D29: =IF(IFERROR(MATCH(8,Calcul!$M$60:$M$184,0),0)=0,"",IF(ISNUMBER(INDEX('Liste outils'!$H$6:$H$130,IFERROR(MATCH(8,Calcul!$M$60:$M$184,0),0))),IF(NOT(ISNUMBER(INDEX('Liste outils'!$H$6:$H$130,IFERROR(MATCH(8,Calcul!$M$60:$M$184,0),0)))),"",IF(NOT(ISNUMBER(INDEX('Liste outils'!$H$6:$H$130,IFERROR(MATCH(8,Calcul!$M$60:$M$184,0),0)))),"",IF(INDEX('Liste outils'!$H$6:$H$130,IFERROR(MATCH(8,Calcul!$M$60:$M$184,0),0))<=0,"",IF(ABS(INDEX('Liste outils'!$H$6:$H$130,IFERROR(MATCH(8,Calcul!$M$60:$M$184,0),0))*64-ROUND(INDEX('Liste outils'!$H$6:$H$130,IFERROR(MATCH(8,Calcul!$M$60:$M$184,0),0))*64,0))>0.0005,"≈ ","")&IF(INT(ROUND(INDEX('Liste outils'!$H$6:$H$130,IFERROR(MATCH(8,Calcul!$M$60:$M$184,0),0))*64,0)/64)>0,INT(ROUND(INDEX('Liste outils'!$H$6:$H$130,IFERROR(MATCH(8,Calcul!$M$60:$M$184,0),0))*64,0)/64)&IF(MOD(ROUND(INDEX('Liste outils'!$H$6:$H$130,IFERROR(MATCH(8,Calcul!$M$60:$M$184,0),0))*64,0),64)>0," ",""),"")&IF(MOD(ROUND(INDEX('Liste outils'!$H$6:$H$130,IFERROR(MATCH(8,Calcul!$M$60:$M$184,0),0))*64,0),64)>0,MOD(ROUND(INDEX('Liste outils'!$H$6:$H$130,IFERROR(MATCH(8,Calcul!$M$60:$M$184,0),0))*64,0),64)/GCD(MOD(ROUND(INDEX('Liste outils'!$H$6:$H$130,IFERROR(MATCH(8,Calcul!$M$60:$M$184,0),0))*64,0),64),64)&"/"&64/GCD(MOD(ROUND(INDEX('Liste outils'!$H$6:$H$130,IFERROR(MATCH(8,Calcul!$M$60:$M$184,0),0))*64,0),64),64),IF(ROUND(INDEX('Liste outils'!$H$6:$H$130,IFERROR(MATCH(8,Calcul!$M$60:$M$184,0),0))*64,0)=0,"0",""))&""""))&" · "&FIXED(INDEX('Liste outils'!$H$6:$H$130,IFERROR(MATCH(8,Calcul!$M$60:$M$184,0),0)),4,TRUE())&" po · "&FIXED(INDEX('Liste outils'!$H$6:$H$130,IFERROR(MATCH(8,Calcul!$M$60:$M$184,0),0))*25.4,3,TRUE())&" mm"),"")) | E29: =IF(IFERROR(MATCH(8,Calcul!$M$60:$M$184,0),0)=0,"",INDEX('Liste outils'!$AB$6:$AB$130,IFERROR(MATCH(8,Calcul!$M$60:$M$184,0),0))&"") | F29: =IF(IFERROR(MATCH(8,Calcul!$M$60:$M$184,0),0)=0,"",INDEX('Liste outils'!$O$6:$O$130,IFERROR(MATCH(8,Calcul!$M$60:$M$184,0),0))&"") | G29: =IF(IFERROR(MATCH(8,Calcul!$M$60:$M$184,0),0)=0,"",INDEX('Liste outils'!$AC$6:$AC$130,IFERROR(MATCH(8,Calcul!$M$60:$M$184,0),0))&"")
A30: =IF(IFERROR(MATCH(9,Calcul!$M$60:$M$184,0),0)=0,"",INDEX('Liste outils'!$B$6:$B$130,IFERROR(MATCH(9,Calcul!$M$60:$M$184,0),0))&"") | B30: =IF(IFERROR(MATCH(9,Calcul!$M$60:$M$184,0),0)=0,"",INDEX('Liste outils'!$C$6:$C$130,IFERROR(MATCH(9,Calcul!$M$60:$M$184,0),0))&"") | C30: =IF(IFERROR(MATCH(9,Calcul!$M$60:$M$184,0),0)=0,"",INDEX('Liste outils'!$J$6:$J$130,IFERROR(MATCH(9,Calcul!$M$60:$M$184,0),0))&"") | D30: =IF(IFERROR(MATCH(9,Calcul!$M$60:$M$184,0),0)=0,"",IF(ISNUMBER(INDEX('Liste outils'!$H$6:$H$130,IFERROR(MATCH(9,Calcul!$M$60:$M$184,0),0))),IF(NOT(ISNUMBER(INDEX('Liste outils'!$H$6:$H$130,IFERROR(MATCH(9,Calcul!$M$60:$M$184,0),0)))),"",IF(NOT(ISNUMBER(INDEX('Liste outils'!$H$6:$H$130,IFERROR(MATCH(9,Calcul!$M$60:$M$184,0),0)))),"",IF(INDEX('Liste outils'!$H$6:$H$130,IFERROR(MATCH(9,Calcul!$M$60:$M$184,0),0))<=0,"",IF(ABS(INDEX('Liste outils'!$H$6:$H$130,IFERROR(MATCH(9,Calcul!$M$60:$M$184,0),0))*64-ROUND(INDEX('Liste outils'!$H$6:$H$130,IFERROR(MATCH(9,Calcul!$M$60:$M$184,0),0))*64,0))>0.0005,"≈ ","")&IF(INT(ROUND(INDEX('Liste outils'!$H$6:$H$130,IFERROR(MATCH(9,Calcul!$M$60:$M$184,0),0))*64,0)/64)>0,INT(ROUND(INDEX('Liste outils'!$H$6:$H$130,IFERROR(MATCH(9,Calcul!$M$60:$M$184,0),0))*64,0)/64)&IF(MOD(ROUND(INDEX('Liste outils'!$H$6:$H$130,IFERROR(MATCH(9,Calcul!$M$60:$M$184,0),0))*64,0),64)>0," ",""),"")&IF(MOD(ROUND(INDEX('Liste outils'!$H$6:$H$130,IFERROR(MATCH(9,Calcul!$M$60:$M$184,0),0))*64,0),64)>0,MOD(ROUND(INDEX('Liste outils'!$H$6:$H$130,IFERROR(MATCH(9,Calcul!$M$60:$M$184,0),0))*64,0),64)/GCD(MOD(ROUND(INDEX('Liste outils'!$H$6:$H$130,IFERROR(MATCH(9,Calcul!$M$60:$M$184,0),0))*64,0),64),64)&"/"&64/GCD(MOD(ROUND(INDEX('Liste outils'!$H$6:$H$130,IFERROR(MATCH(9,Calcul!$M$60:$M$184,0),0))*64,0),64),64),IF(ROUND(INDEX('Liste outils'!$H$6:$H$130,IFERROR(MATCH(9,Calcul!$M$60:$M$184,0),0))*64,0)=0,"0",""))&""""))&" · "&FIXED(INDEX('Liste outils'!$H$6:$H$130,IFERROR(MATCH(9,Calcul!$M$60:$M$184,0),0)),4,TRUE())&" po · "&FIXED(INDEX('Liste outils'!$H$6:$H$130,IFERROR(MATCH(9,Calcul!$M$60:$M$184,0),0))*25.4,3,TRUE())&" mm"),"")) | E30: =IF(IFERROR(MATCH(9,Calcul!$M$60:$M$184,0),0)=0,"",INDEX('Liste outils'!$AB$6:$AB$130,IFERROR(MATCH(9,Calcul!$M$60:$M$184,0),0))&"") | F30: =IF(IFERROR(MATCH(9,Calcul!$M$60:$M$184,0),0)=0,"",INDEX('Liste outils'!$O$6:$O$130,IFERROR(MATCH(9,Calcul!$M$60:$M$184,0),0))&"") | G30: =IF(IFERROR(MATCH(9,Calcul!$M$60:$M$184,0),0)=0,"",INDEX('Liste outils'!$AC$6:$AC$130,IFERROR(MATCH(9,Calcul!$M$60:$M$184,0),0))&"")
A31: =IF(IFERROR(MATCH(10,Calcul!$M$60:$M$184,0),0)=0,"",INDEX('Liste outils'!$B$6:$B$130,IFERROR(MATCH(10,Calcul!$M$60:$M$184,0),0))&"") | B31: =IF(IFERROR(MATCH(10,Calcul!$M$60:$M$184,0),0)=0,"",INDEX('Liste outils'!$C$6:$C$130,IFERROR(MATCH(10,Calcul!$M$60:$M$184,0),0))&"") | C31: =IF(IFERROR(MATCH(10,Calcul!$M$60:$M$184,0),0)=0,"",INDEX('Liste outils'!$J$6:$J$130,IFERROR(MATCH(10,Calcul!$M$60:$M$184,0),0))&"") | D31: =IF(IFERROR(MATCH(10,Calcul!$M$60:$M$184,0),0)=0,"",IF(ISNUMBER(INDEX('Liste outils'!$H$6:$H$130,IFERROR(MATCH(10,Calcul!$M$60:$M$184,0),0))),IF(NOT(ISNUMBER(INDEX('Liste outils'!$H$6:$H$130,IFERROR(MATCH(10,Calcul!$M$60:$M$184,0),0)))),"",IF(NOT(ISNUMBER(INDEX('Liste outils'!$H$6:$H$130,IFERROR(MATCH(10,Calcul!$M$60:$M$184,0),0)))),"",IF(INDEX('Liste outils'!$H$6:$H$130,IFERROR(MATCH(10,Calcul!$M$60:$M$184,0),0))<=0,"",IF(ABS(INDEX('Liste outils'!$H$6:$H$130,IFERROR(MATCH(10,Calcul!$M$60:$M$184,0),0))*64-ROUND(INDEX('Liste outils'!$H$6:$H$130,IFERROR(MATCH(10,Calcul!$M$60:$M$184,0),0))*64,0))>0.0005,"≈ ","")&IF(INT(ROUND(INDEX('Liste outils'!$H$6:$H$130,IFERROR(MATCH(10,Calcul!$M$60:$M$184,0),0))*64,0)/64)>0,INT(ROUND(INDEX('Liste outils'!$H$6:$H$130,IFERROR(MATCH(10,Calcul!$M$60:$M$184,0),0))*64,0)/64)&IF(MOD(ROUND(INDEX('Liste outils'!$H$6:$H$130,IFERROR(MATCH(10,Calcul!$M$60:$M$184,0),0))*64,0),64)>0," ",""),"")&IF(MOD(ROUND(INDEX('Liste outils'!$H$6:$H$130,IFERROR(MATCH(10,Calcul!$M$60:$M$184,0),0))*64,0),64)>0,MOD(ROUND(INDEX('Liste outils'!$H$6:$H$130,IFERROR(MATCH(10,Calcul!$M$60:$M$184,0),0))*64,0),64)/GCD(MOD(ROUND(INDEX('Liste outils'!$H$6:$H$130,IFERROR(MATCH(10,Calcul!$M$60:$M$184,0),0))*64,0),64),64)&"/"&64/GCD(MOD(ROUND(INDEX('Liste outils'!$H$6:$H$130,IFERROR(MATCH(10,Calcul!$M$60:$M$184,0),0))*64,0),64),64),IF(ROUND(INDEX('Liste outils'!$H$6:$H$130,IFERROR(MATCH(10,Calcul!$M$60:$M$184,0),0))*64,0)=0,"0",""))&""""))&" · "&FIXED(INDEX('Liste outils'!$H$6:$H$130,IFERROR(MATCH(10,Calcul!$M$60:$M$184,0),0)),4,TRUE())&" po · "&FIXED(INDEX('Liste outils'!$H$6:$H$130,IFERROR(MATCH(10,Calcul!$M$60:$M$184,0),0))*25.4,3,TRUE())&" mm"),"")) | E31: =IF(IFERROR(MATCH(10,Calcul!$M$60:$M$184,0),0)=0,"",INDEX('Liste outils'!$AB$6:$AB$130,IFERROR(MATCH(10,Calcul!$M$60:$M$184,0),0))&"") | F31: =IF(IFERROR(MATCH(10,Calcul!$M$60:$M$184,0),0)=0,"",INDEX('Liste outils'!$O$6:$O$130,IFERROR(MATCH(10,Calcul!$M$60:$M$184,0),0))&"") | G31: =IF(IFERROR(MATCH(10,Calcul!$M$60:$M$184,0),0)=0,"",INDEX('Liste outils'!$AC$6:$AC$130,IFERROR(MATCH(10,Calcul!$M$60:$M$184,0),0))&"")
A32: =IF(IFERROR(MATCH(11,Calcul!$M$60:$M$184,0),0)=0,"",INDEX('Liste outils'!$B$6:$B$130,IFERROR(MATCH(11,Calcul!$M$60:$M$184,0),0))&"") | B32: =IF(IFERROR(MATCH(11,Calcul!$M$60:$M$184,0),0)=0,"",INDEX('Liste outils'!$C$6:$C$130,IFERROR(MATCH(11,Calcul!$M$60:$M$184,0),0))&"") | C32: =IF(IFERROR(MATCH(11,Calcul!$M$60:$M$184,0),0)=0,"",INDEX('Liste outils'!$J$6:$J$130,IFERROR(MATCH(11,Calcul!$M$60:$M$184,0),0))&"") | D32: =IF(IFERROR(MATCH(11,Calcul!$M$60:$M$184,0),0)=0,"",IF(ISNUMBER(INDEX('Liste outils'!$H$6:$H$130,IFERROR(MATCH(11,Calcul!$M$60:$M$184,0),0))),IF(NOT(ISNUMBER(INDEX('Liste outils'!$H$6:$H$130,IFERROR(MATCH(11,Calcul!$M$60:$M$184,0),0)))),"",IF(NOT(ISNUMBER(INDEX('Liste outils'!$H$6:$H$130,IFERROR(MATCH(11,Calcul!$M$60:$M$184,0),0)))),"",IF(INDEX('Liste outils'!$H$6:$H$130,IFERROR(MATCH(11,Calcul!$M$60:$M$184,0),0))<=0,"",IF(ABS(INDEX('Liste outils'!$H$6:$H$130,IFERROR(MATCH(11,Calcul!$M$60:$M$184,0),0))*64-ROUND(INDEX('Liste outils'!$H$6:$H$130,IFERROR(MATCH(11,Calcul!$M$60:$M$184,0),0))*64,0))>0.0005,"≈ ","")&IF(INT(ROUND(INDEX('Liste outils'!$H$6:$H$130,IFERROR(MATCH(11,Calcul!$M$60:$M$184,0),0))*64,0)/64)>0,INT(ROUND(INDEX('Liste outils'!$H$6:$H$130,IFERROR(MATCH(11,Calcul!$M$60:$M$184,0),0))*64,0)/64)&IF(MOD(ROUND(INDEX('Liste outils'!$H$6:$H$130,IFERROR(MATCH(11,Calcul!$M$60:$M$184,0),0))*64,0),64)>0," ",""),"")&IF(MOD(ROUND(INDEX('Liste outils'!$H$6:$H$130,IFERROR(MATCH(11,Calcul!$M$60:$M$184,0),0))*64,0),64)>0,MOD(ROUND(INDEX('Liste outils'!$H$6:$H$130,IFERROR(MATCH(11,Calcul!$M$60:$M$184,0),0))*64,0),64)/GCD(MOD(ROUND(INDEX('Liste outils'!$H$6:$H$130,IFERROR(MATCH(11,Calcul!$M$60:$M$184,0),0))*64,0),64),64)&"/"&64/GCD(MOD(ROUND(INDEX('Liste outils'!$H$6:$H$130,IFERROR(MATCH(11,Calcul!$M$60:$M$184,0),0))*64,0),64),64),IF(ROUND(INDEX('Liste outils'!$H$6:$H$130,IFERROR(MATCH(11,Calcul!$M$60:$M$184,0),0))*64,0)=0,"0",""))&""""))&" · "&FIXED(INDEX('Liste outils'!$H$6:$H$130,IFERROR(MATCH(11,Calcul!$M$60:$M$184,0),0)),4,TRUE())&" po · "&FIXED(INDEX('Liste outils'!$H$6:$H$130,IFERROR(MATCH(11,Calcul!$M$60:$M$184,0),0))*25.4,3,TRUE())&" mm"),"")) | E32: =IF(IFERROR(MATCH(11,Calcul!$M$60:$M$184,0),0)=0,"",INDEX('Liste outils'!$AB$6:$AB$130,IFERROR(MATCH(11,Calcul!$M$60:$M$184,0),0))&"") | F32: =IF(IFERROR(MATCH(11,Calcul!$M$60:$M$184,0),0)=0,"",INDEX('Liste outils'!$O$6:$O$130,IFERROR(MATCH(11,Calcul!$M$60:$M$184,0),0))&"") | G32: =IF(IFERROR(MATCH(11,Calcul!$M$60:$M$184,0),0)=0,"",INDEX('Liste outils'!$AC$6:$AC$130,IFERROR(MATCH(11,Calcul!$M$60:$M$184,0),0))&"")
A33: =IF(IFERROR(MATCH(12,Calcul!$M$60:$M$184,0),0)=0,"",INDEX('Liste outils'!$B$6:$B$130,IFERROR(MATCH(12,Calcul!$M$60:$M$184,0),0))&"") | B33: =IF(IFERROR(MATCH(12,Calcul!$M$60:$M$184,0),0)=0,"",INDEX('Liste outils'!$C$6:$C$130,IFERROR(MATCH(12,Calcul!$M$60:$M$184,0),0))&"") | C33: =IF(IFERROR(MATCH(12,Calcul!$M$60:$M$184,0),0)=0,"",INDEX('Liste outils'!$J$6:$J$130,IFERROR(MATCH(12,Calcul!$M$60:$M$184,0),0))&"") | D33: =IF(IFERROR(MATCH(12,Calcul!$M$60:$M$184,0),0)=0,"",IF(ISNUMBER(INDEX('Liste outils'!$H$6:$H$130,IFERROR(MATCH(12,Calcul!$M$60:$M$184,0),0))),IF(NOT(ISNUMBER(INDEX('Liste outils'!$H$6:$H$130,IFERROR(MATCH(12,Calcul!$M$60:$M$184,0),0)))),"",IF(NOT(ISNUMBER(INDEX('Liste outils'!$H$6:$H$130,IFERROR(MATCH(12,Calcul!$M$60:$M$184,0),0)))),"",IF(INDEX('Liste outils'!$H$6:$H$130,IFERROR(MATCH(12,Calcul!$M$60:$M$184,0),0))<=0,"",IF(ABS(INDEX('Liste outils'!$H$6:$H$130,IFERROR(MATCH(12,Calcul!$M$60:$M$184,0),0))*64-ROUND(INDEX('Liste outils'!$H$6:$H$130,IFERROR(MATCH(12,Calcul!$M$60:$M$184,0),0))*64,0))>0.0005,"≈ ","")&IF(INT(ROUND(INDEX('Liste outils'!$H$6:$H$130,IFERROR(MATCH(12,Calcul!$M$60:$M$184,0),0))*64,0)/64)>0,INT(ROUND(INDEX('Liste outils'!$H$6:$H$130,IFERROR(MATCH(12,Calcul!$M$60:$M$184,0),0))*64,0)/64)&IF(MOD(ROUND(INDEX('Liste outils'!$H$6:$H$130,IFERROR(MATCH(12,Calcul!$M$60:$M$184,0),0))*64,0),64)>0," ",""),"")&IF(MOD(ROUND(INDEX('Liste outils'!$H$6:$H$130,IFERROR(MATCH(12,Calcul!$M$60:$M$184,0),0))*64,0),64)>0,MOD(ROUND(INDEX('Liste outils'!$H$6:$H$130,IFERROR(MATCH(12,Calcul!$M$60:$M$184,0),0))*64,0),64)/GCD(MOD(ROUND(INDEX('Liste outils'!$H$6:$H$130,IFERROR(MATCH(12,Calcul!$M$60:$M$184,0),0))*64,0),64),64)&"/"&64/GCD(MOD(ROUND(INDEX('Liste outils'!$H$6:$H$130,IFERROR(MATCH(12,Calcul!$M$60:$M$184,0),0))*64,0),64),64),IF(ROUND(INDEX('Liste outils'!$H$6:$H$130,IFERROR(MATCH(12,Calcul!$M$60:$M$184,0),0))*64,0)=0,"0",""))&""""))&" · "&FIXED(INDEX('Liste outils'!$H$6:$H$130,IFERROR(MATCH(12,Calcul!$M$60:$M$184,0),0)),4,TRUE())&" po · "&FIXED(INDEX('Liste outils'!$H$6:$H$130,IFERROR(MATCH(12,Calcul!$M$60:$M$184,0),0))*25.4,3,TRUE())&" mm"),"")) | E33: =IF(IFERROR(MATCH(12,Calcul!$M$60:$M$184,0),0)=0,"",INDEX('Liste outils'!$AB$6:$AB$130,IFERROR(MATCH(12,Calcul!$M$60:$M$184,0),0))&"") | F33: =IF(IFERROR(MATCH(12,Calcul!$M$60:$M$184,0),0)=0,"",INDEX('Liste outils'!$O$6:$O$130,IFERROR(MATCH(12,Calcul!$M$60:$M$184,0),0))&"") | G33: =IF(IFERROR(MATCH(12,Calcul!$M$60:$M$184,0),0)=0,"",INDEX('Liste outils'!$AC$6:$AC$130,IFERROR(MATCH(12,Calcul!$M$60:$M$184,0),0))&"")
A34: =IF(IFERROR(MATCH(13,Calcul!$M$60:$M$184,0),0)=0,"",INDEX('Liste outils'!$B$6:$B$130,IFERROR(MATCH(13,Calcul!$M$60:$M$184,0),0))&"") | B34: =IF(IFERROR(MATCH(13,Calcul!$M$60:$M$184,0),0)=0,"",INDEX('Liste outils'!$C$6:$C$130,IFERROR(MATCH(13,Calcul!$M$60:$M$184,0),0))&"") | C34: =IF(IFERROR(MATCH(13,Calcul!$M$60:$M$184,0),0)=0,"",INDEX('Liste outils'!$J$6:$J$130,IFERROR(MATCH(13,Calcul!$M$60:$M$184,0),0))&"") | D34: =IF(IFERROR(MATCH(13,Calcul!$M$60:$M$184,0),0)=0,"",IF(ISNUMBER(INDEX('Liste outils'!$H$6:$H$130,IFERROR(MATCH(13,Calcul!$M$60:$M$184,0),0))),IF(NOT(ISNUMBER(INDEX('Liste outils'!$H$6:$H$130,IFERROR(MATCH(13,Calcul!$M$60:$M$184,0),0)))),"",IF(NOT(ISNUMBER(INDEX('Liste outils'!$H$6:$H$130,IFERROR(MATCH(13,Calcul!$M$60:$M$184,0),0)))),"",IF(INDEX('Liste outils'!$H$6:$H$130,IFERROR(MATCH(13,Calcul!$M$60:$M$184,0),0))<=0,"",IF(ABS(INDEX('Liste outils'!$H$6:$H$130,IFERROR(MATCH(13,Calcul!$M$60:$M$184,0),0))*64-ROUND(INDEX('Liste outils'!$H$6:$H$130,IFERROR(MATCH(13,Calcul!$M$60:$M$184,0),0))*64,0))>0.0005,"≈ ","")&IF(INT(ROUND(INDEX('Liste outils'!$H$6:$H$130,IFERROR(MATCH(13,Calcul!$M$60:$M$184,0),0))*64,0)/64)>0,INT(ROUND(INDEX('Liste outils'!$H$6:$H$130,IFERROR(MATCH(13,Calcul!$M$60:$M$184,0),0))*64,0)/64)&IF(MOD(ROUND(INDEX('Liste outils'!$H$6:$H$130,IFERROR(MATCH(13,Calcul!$M$60:$M$184,0),0))*64,0),64)>0," ",""),"")&IF(MOD(ROUND(INDEX('Liste outils'!$H$6:$H$130,IFERROR(MATCH(13,Calcul!$M$60:$M$184,0),0))*64,0),64)>0,MOD(ROUND(INDEX('Liste outils'!$H$6:$H$130,IFERROR(MATCH(13,Calcul!$M$60:$M$184,0),0))*64,0),64)/GCD(MOD(ROUND(INDEX('Liste outils'!$H$6:$H$130,IFERROR(MATCH(13,Calcul!$M$60:$M$184,0),0))*64,0),64),64)&"/"&64/GCD(MOD(ROUND(INDEX('Liste outils'!$H$6:$H$130,IFERROR(MATCH(13,Calcul!$M$60:$M$184,0),0))*64,0),64),64),IF(ROUND(INDEX('Liste outils'!$H$6:$H$130,IFERROR(MATCH(13,Calcul!$M$60:$M$184,0),0))*64,0)=0,"0",""))&""""))&" · "&FIXED(INDEX('Liste outils'!$H$6:$H$130,IFERROR(MATCH(13,Calcul!$M$60:$M$184,0),0)),4,TRUE())&" po · "&FIXED(INDEX('Liste outils'!$H$6:$H$130,IFERROR(MATCH(13,Calcul!$M$60:$M$184,0),0))*25.4,3,TRUE())&" mm"),"")) | E34: =IF(IFERROR(MATCH(13,Calcul!$M$60:$M$184,0),0)=0,"",INDEX('Liste outils'!$AB$6:$AB$130,IFERROR(MATCH(13,Calcul!$M$60:$M$184,0),0))&"") | F34: =IF(IFERROR(MATCH(13,Calcul!$M$60:$M$184,0),0)=0,"",INDEX('Liste outils'!$O$6:$O$130,IFERROR(MATCH(13,Calcul!$M$60:$M$184,0),0))&"") | G34: =IF(IFERROR(MATCH(13,Calcul!$M$60:$M$184,0),0)=0,"",INDEX('Liste outils'!$AC$6:$AC$130,IFERROR(MATCH(13,Calcul!$M$60:$M$184,0),0))&"")
A35: =IF(IFERROR(MATCH(14,Calcul!$M$60:$M$184,0),0)=0,"",INDEX('Liste outils'!$B$6:$B$130,IFERROR(MATCH(14,Calcul!$M$60:$M$184,0),0))&"") | B35: =IF(IFERROR(MATCH(14,Calcul!$M$60:$M$184,0),0)=0,"",INDEX('Liste outils'!$C$6:$C$130,IFERROR(MATCH(14,Calcul!$M$60:$M$184,0),0))&"") | C35: =IF(IFERROR(MATCH(14,Calcul!$M$60:$M$184,0),0)=0,"",INDEX('Liste outils'!$J$6:$J$130,IFERROR(MATCH(14,Calcul!$M$60:$M$184,0),0))&"") | D35: =IF(IFERROR(MATCH(14,Calcul!$M$60:$M$184,0),0)=0,"",IF(ISNUMBER(INDEX('Liste outils'!$H$6:$H$130,IFERROR(MATCH(14,Calcul!$M$60:$M$184,0),0))),IF(NOT(ISNUMBER(INDEX('Liste outils'!$H$6:$H$130,IFERROR(MATCH(14,Calcul!$M$60:$M$184,0),0)))),"",IF(NOT(ISNUMBER(INDEX('Liste outils'!$H$6:$H$130,IFERROR(MATCH(14,Calcul!$M$60:$M$184,0),0)))),"",IF(INDEX('Liste outils'!$H$6:$H$130,IFERROR(MATCH(14,Calcul!$M$60:$M$184,0),0))<=0,"",IF(ABS(INDEX('Liste outils'!$H$6:$H$130,IFERROR(MATCH(14,Calcul!$M$60:$M$184,0),0))*64-ROUND(INDEX('Liste outils'!$H$6:$H$130,IFERROR(MATCH(14,Calcul!$M$60:$M$184,0),0))*64,0))>0.0005,"≈ ","")&IF(INT(ROUND(INDEX('Liste outils'!$H$6:$H$130,IFERROR(MATCH(14,Calcul!$M$60:$M$184,0),0))*64,0)/64)>0,INT(ROUND(INDEX('Liste outils'!$H$6:$H$130,IFERROR(MATCH(14,Calcul!$M$60:$M$184,0),0))*64,0)/64)&IF(MOD(ROUND(INDEX('Liste outils'!$H$6:$H$130,IFERROR(MATCH(14,Calcul!$M$60:$M$184,0),0))*64,0),64)>0," ",""),"")&IF(MOD(ROUND(INDEX('Liste outils'!$H$6:$H$130,IFERROR(MATCH(14,Calcul!$M$60:$M$184,0),0))*64,0),64)>0,MOD(ROUND(INDEX('Liste outils'!$H$6:$H$130,IFERROR(MATCH(14,Calcul!$M$60:$M$184,0),0))*64,0),64)/GCD(MOD(ROUND(INDEX('Liste outils'!$H$6:$H$130,IFERROR(MATCH(14,Calcul!$M$60:$M$184,0),0))*64,0),64),64)&"/"&64/GCD(MOD(ROUND(INDEX('Liste outils'!$H$6:$H$130,IFERROR(MATCH(14,Calcul!$M$60:$M$184,0),0))*64,0),64),64),IF(ROUND(INDEX('Liste outils'!$H$6:$H$130,IFERROR(MATCH(14,Calcul!$M$60:$M$184,0),0))*64,0)=0,"0",""))&""""))&" · "&FIXED(INDEX('Liste outils'!$H$6:$H$130,IFERROR(MATCH(14,Calcul!$M$60:$M$184,0),0)),4,TRUE())&" po · "&FIXED(INDEX('Liste outils'!$H$6:$H$130,IFERROR(MATCH(14,Calcul!$M$60:$M$184,0),0))*25.4,3,TRUE())&" mm"),"")) | E35: =IF(IFERROR(MATCH(14,Calcul!$M$60:$M$184,0),0)=0,"",INDEX('Liste outils'!$AB$6:$AB$130,IFERROR(MATCH(14,Calcul!$M$60:$M$184,0),0))&"") | F35: =IF(IFERROR(MATCH(14,Calcul!$M$60:$M$184,0),0)=0,"",INDEX('Liste outils'!$O$6:$O$130,IFERROR(MATCH(14,Calcul!$M$60:$M$184,0),0))&"") | G35: =IF(IFERROR(MATCH(14,Calcul!$M$60:$M$184,0),0)=0,"",INDEX('Liste outils'!$AC$6:$AC$130,IFERROR(MATCH(14,Calcul!$M$60:$M$184,0),0))&"")
A36: =IF(IFERROR(MATCH(15,Calcul!$M$60:$M$184,0),0)=0,"",INDEX('Liste outils'!$B$6:$B$130,IFERROR(MATCH(15,Calcul!$M$60:$M$184,0),0))&"") | B36: =IF(IFERROR(MATCH(15,Calcul!$M$60:$M$184,0),0)=0,"",INDEX('Liste outils'!$C$6:$C$130,IFERROR(MATCH(15,Calcul!$M$60:$M$184,0),0))&"") | C36: =IF(IFERROR(MATCH(15,Calcul!$M$60:$M$184,0),0)=0,"",INDEX('Liste outils'!$J$6:$J$130,IFERROR(MATCH(15,Calcul!$M$60:$M$184,0),0))&"") | D36: =IF(IFERROR(MATCH(15,Calcul!$M$60:$M$184,0),0)=0,"",IF(ISNUMBER(INDEX('Liste outils'!$H$6:$H$130,IFERROR(MATCH(15,Calcul!$M$60:$M$184,0),0))),IF(NOT(ISNUMBER(INDEX('Liste outils'!$H$6:$H$130,IFERROR(MATCH(15,Calcul!$M$60:$M$184,0),0)))),"",IF(NOT(ISNUMBER(INDEX('Liste outils'!$H$6:$H$130,IFERROR(MATCH(15,Calcul!$M$60:$M$184,0),0)))),"",IF(INDEX('Liste outils'!$H$6:$H$130,IFERROR(MATCH(15,Calcul!$M$60:$M$184,0),0))<=0,"",IF(ABS(INDEX('Liste outils'!$H$6:$H$130,IFERROR(MATCH(15,Calcul!$M$60:$M$184,0),0))*64-ROUND(INDEX('Liste outils'!$H$6:$H$130,IFERROR(MATCH(15,Calcul!$M$60:$M$184,0),0))*64,0))>0.0005,"≈ ","")&IF(INT(ROUND(INDEX('Liste outils'!$H$6:$H$130,IFERROR(MATCH(15,Calcul!$M$60:$M$184,0),0))*64,0)/64)>0,INT(ROUND(INDEX('Liste outils'!$H$6:$H$130,IFERROR(MATCH(15,Calcul!$M$60:$M$184,0),0))*64,0)/64)&IF(MOD(ROUND(INDEX('Liste outils'!$H$6:$H$130,IFERROR(MATCH(15,Calcul!$M$60:$M$184,0),0))*64,0),64)>0," ",""),"")&IF(MOD(ROUND(INDEX('Liste outils'!$H$6:$H$130,IFERROR(MATCH(15,Calcul!$M$60:$M$184,0),0))*64,0),64)>0,MOD(ROUND(INDEX('Liste outils'!$H$6:$H$130,IFERROR(MATCH(15,Calcul!$M$60:$M$184,0),0))*64,0),64)/GCD(MOD(ROUND(INDEX('Liste outils'!$H$6:$H$130,IFERROR(MATCH(15,Calcul!$M$60:$M$184,0),0))*64,0),64),64)&"/"&64/GCD(MOD(ROUND(INDEX('Liste outils'!$H$6:$H$130,IFERROR(MATCH(15,Calcul!$M$60:$M$184,0),0))*64,0),64),64),IF(ROUND(INDEX('Liste outils'!$H$6:$H$130,IFERROR(MATCH(15,Calcul!$M$60:$M$184,0),0))*64,0)=0,"0",""))&""""))&" · "&FIXED(INDEX('Liste outils'!$H$6:$H$130,IFERROR(MATCH(15,Calcul!$M$60:$M$184,0),0)),4,TRUE())&" po · "&FIXED(INDEX('Liste outils'!$H$6:$H$130,IFERROR(MATCH(15,Calcul!$M$60:$M$184,0),0))*25.4,3,TRUE())&" mm"),"")) | E36: =IF(IFERROR(MATCH(15,Calcul!$M$60:$M$184,0),0)=0,"",INDEX('Liste outils'!$AB$6:$AB$130,IFERROR(MATCH(15,Calcul!$M$60:$M$184,0),0))&"") | F36: =IF(IFERROR(MATCH(15,Calcul!$M$60:$M$184,0),0)=0,"",INDEX('Liste outils'!$O$6:$O$130,IFERROR(MATCH(15,Calcul!$M$60:$M$184,0),0))&"") | G36: =IF(IFERROR(MATCH(15,Calcul!$M$60:$M$184,0),0)=0,"",INDEX('Liste outils'!$AC$6:$AC$130,IFERROR(MATCH(15,Calcul!$M$60:$M$184,0),0))&"")
A37: =IF(IFERROR(MATCH(16,Calcul!$M$60:$M$184,0),0)=0,"",INDEX('Liste outils'!$B$6:$B$130,IFERROR(MATCH(16,Calcul!$M$60:$M$184,0),0))&"") | B37: =IF(IFERROR(MATCH(16,Calcul!$M$60:$M$184,0),0)=0,"",INDEX('Liste outils'!$C$6:$C$130,IFERROR(MATCH(16,Calcul!$M$60:$M$184,0),0))&"") | C37: =IF(IFERROR(MATCH(16,Calcul!$M$60:$M$184,0),0)=0,"",INDEX('Liste outils'!$J$6:$J$130,IFERROR(MATCH(16,Calcul!$M$60:$M$184,0),0))&"") | D37: =IF(IFERROR(MATCH(16,Calcul!$M$60:$M$184,0),0)=0,"",IF(ISNUMBER(INDEX('Liste outils'!$H$6:$H$130,IFERROR(MATCH(16,Calcul!$M$60:$M$184,0),0))),IF(NOT(ISNUMBER(INDEX('Liste outils'!$H$6:$H$130,IFERROR(MATCH(16,Calcul!$M$60:$M$184,0),0)))),"",IF(NOT(ISNUMBER(INDEX('Liste outils'!$H$6:$H$130,IFERROR(MATCH(16,Calcul!$M$60:$M$184,0),0)))),"",IF(INDEX('Liste outils'!$H$6:$H$130,IFERROR(MATCH(16,Calcul!$M$60:$M$184,0),0))<=0,"",IF(ABS(INDEX('Liste outils'!$H$6:$H$130,IFERROR(MATCH(16,Calcul!$M$60:$M$184,0),0))*64-ROUND(INDEX('Liste outils'!$H$6:$H$130,IFERROR(MATCH(16,Calcul!$M$60:$M$184,0),0))*64,0))>0.0005,"≈ ","")&IF(INT(ROUND(INDEX('Liste outils'!$H$6:$H$130,IFERROR(MATCH(16,Calcul!$M$60:$M$184,0),0))*64,0)/64)>0,INT(ROUND(INDEX('Liste outils'!$H$6:$H$130,IFERROR(MATCH(16,Calcul!$M$60:$M$184,0),0))*64,0)/64)&IF(MOD(ROUND(INDEX('Liste outils'!$H$6:$H$130,IFERROR(MATCH(16,Calcul!$M$60:$M$184,0),0))*64,0),64)>0," ",""),"")&IF(MOD(ROUND(INDEX('Liste outils'!$H$6:$H$130,IFERROR(MATCH(16,Calcul!$M$60:$M$184,0),0))*64,0),64)>0,MOD(ROUND(INDEX('Liste outils'!$H$6:$H$130,IFERROR(MATCH(16,Calcul!$M$60:$M$184,0),0))*64,0),64)/GCD(MOD(ROUND(INDEX('Liste outils'!$H$6:$H$130,IFERROR(MATCH(16,Calcul!$M$60:$M$184,0),0))*64,0),64),64)&"/"&64/GCD(MOD(ROUND(INDEX('Liste outils'!$H$6:$H$130,IFERROR(MATCH(16,Calcul!$M$60:$M$184,0),0))*64,0),64),64),IF(ROUND(INDEX('Liste outils'!$H$6:$H$130,IFERROR(MATCH(16,Calcul!$M$60:$M$184,0),0))*64,0)=0,"0",""))&""""))&" · "&FIXED(INDEX('Liste outils'!$H$6:$H$130,IFERROR(MATCH(16,Calcul!$M$60:$M$184,0),0)),4,TRUE())&" po · "&FIXED(INDEX('Liste outils'!$H$6:$H$130,IFERROR(MATCH(16,Calcul!$M$60:$M$184,0),0))*25.4,3,TRUE())&" mm"),"")) | E37: =IF(IFERROR(MATCH(16,Calcul!$M$60:$M$184,0),0)=0,"",INDEX('Liste outils'!$AB$6:$AB$130,IFERROR(MATCH(16,Calcul!$M$60:$M$184,0),0))&"") | F37: =IF(IFERROR(MATCH(16,Calcul!$M$60:$M$184,0),0)=0,"",INDEX('Liste outils'!$O$6:$O$130,IFERROR(MATCH(16,Calcul!$M$60:$M$184,0),0))&"") | G37: =IF(IFERROR(MATCH(16,Calcul!$M$60:$M$184,0),0)=0,"",INDEX('Liste outils'!$AC$6:$AC$130,IFERROR(MATCH(16,Calcul!$M$60:$M$184,0),0))&"")
A39: ="Outils de ta liste pour "&IF(C15<=0,"—",B15)&" ("&A15&")" -> Outils de ta liste pour 1/4" (1 cran en dessous)
A40: =IF(C15<=0,"",COUNT(Calcul!$N$60:$N$184)&" outil(s) de ce diamètre") -> 14 outil(s) de ce diamètre
A41: N° | B41: Type | C41: Direction | D41: LOC | E41: Emplacement | F41: N° fabricant | G41: Note
A42: =IF(IFERROR(MATCH(1,Calcul!$N$60:$N$184,0),0)=0,"",INDEX('Liste outils'!$B$6:$B$130,IFERROR(MATCH(1,Calcul!$N$60:$N$184,0),0))&"") -> I0023 | B42: =IF(IFERROR(MATCH(1,Calcul!$N$60:$N$184,0),0)=0,"",INDEX('Liste outils'!$C$6:$C$130,IFERROR(MATCH(1,Calcul!$N$60:$N$184,0),0))&"") -> Insert | C42: =IF(IFERROR(MATCH(1,Calcul!$N$60:$N$184,0),0)=0,"",INDEX('Liste outils'!$J$6:$J$130,IFERROR(MATCH(1,Calcul!$N$60:$N$184,0),0))&"") | D42: =IF(IFERROR(MATCH(1,Calcul!$N$60:$N$184,0),0)=0,"",IF(ISNUMBER(INDEX('Liste outils'!$H$6:$H$130,IFERROR(MATCH(1,Calcul!$N$60:$N$184,0),0))),IF(NOT(ISNUMBER(INDEX('Liste outils'!$H$6:$H$130,IFERROR(MATCH(1,Calcul!$N$60:$N$184,0),0)))),"",IF(NOT(ISNUMBER(INDEX('Liste outils'!$H$6:$H$130,IFERROR(MATCH(1,Calcul!$N$60:$N$184,0),0)))),"",IF(INDEX('Liste outils'!$H$6:$H$130,IFERROR(MATCH(1,Calcul!$N$60:$N$184,0),0))<=0,"",IF(ABS(INDEX('Liste outils'!$H$6:$H$130,IFERROR(MATCH(1,Calcul!$N$60:$N$184,0),0))*64-ROUND(INDEX('Liste outils'!$H$6:$H$130,IFERROR(MATCH(1,Calcul!$N$60:$N$184,0),0))*64,0))>0.0005,"≈ ","")&IF(INT(ROUND(INDEX('Liste outils'!$H$6:$H$130,IFERROR(MATCH(1,Calcul!$N$60:$N$184,0),0))*64,0)/64)>0,INT(ROUND(INDEX('Liste outils'!$H$6:$H$130,IFERROR(MATCH(1,Calcul!$N$60:$N$184,0),0))*64,0)/64)&IF(MOD(ROUND(INDEX('Liste outils'!$H$6:$H$130,IFERROR(MATCH(1,Calcul!$N$60:$N$184,0),0))*64,0),64)>0," ",""),"")&IF(MOD(ROUND(INDEX('Liste outils'!$H$6:$H$130,IFERROR(MATCH(1,Calcul!$N$60:$N$184,0),0))*64,0),64)>0,MOD(ROUND(INDEX('Liste outils'!$H$6:$H$130,IFERROR(MATCH(1,Calcul!$N$60:$N$184,0),0))*64,0),64)/GCD(MOD(ROUND(INDEX('Liste outils'!$H$6:$H$130,IFERROR(MATCH(1,Calcul!$N$60:$N$184,0),0))*64,0),64),64)&"/"&64/GCD(MOD(ROUND(INDEX('Liste outils'!$H$6:$H$130,IFERROR(MATCH(1,Calcul!$N$60:$N$184,0),0))*64,0),64),64),IF(ROUND(INDEX('Liste outils'!$H$6:$H$130,IFERROR(MATCH(1,Calcul!$N$60:$N$184,0),0))*64,0)=0,"0",""))&""""))&" · "&FIXED(INDEX('Liste outils'!$H$6:$H$130,IFERROR(MATCH(1,Calcul!$N$60:$N$184,0),0)),4,TRUE())&" po · "&FIXED(INDEX('Liste outils'!$H$6:$H$130,IFERROR(MATCH(1,Calcul!$N$60:$N$184,0),0))*25.4,3,TRUE())&" mm"),"")) -> ≈ 1/4" · 0.2539 po · 6.449 mm | E42: =IF(IFERROR(MATCH(1,Calcul!$N$60:$N$184,0),0)=0,"",INDEX('Liste outils'!$AB$6:$AB$130,IFERROR(MATCH(1,Calcul!$N$60:$N$184,0),0))&"") -> A-2-C-4 | F42: =IF(IFERROR(MATCH(1,Calcul!$N$60:$N$184,0),0)=0,"",INDEX('Liste outils'!$O$6:$O$130,IFERROR(MATCH(1,Calcul!$N$60:$N$184,0),0))&"") -> CPMT060204FP | G42: =IF(IFERROR(MATCH(1,Calcul!$N$60:$N$184,0),0)=0,"",INDEX('Liste outils'!$AC$6:$AC$130,IFERROR(MATCH(1,Calcul!$N$60:$N$184,0),0))&"") -> CPMT2151FP
A43: =IF(IFERROR(MATCH(2,Calcul!$N$60:$N$184,0),0)=0,"",INDEX('Liste outils'!$B$6:$B$130,IFERROR(MATCH(2,Calcul!$N$60:$N$184,0),0))&"") -> I0024 | B43: =IF(IFERROR(MATCH(2,Calcul!$N$60:$N$184,0),0)=0,"",INDEX('Liste outils'!$C$6:$C$130,IFERROR(MATCH(2,Calcul!$N$60:$N$184,0),0))&"") -> Insert | C43: =IF(IFERROR(MATCH(2,Calcul!$N$60:$N$184,0),0)=0,"",INDEX('Liste outils'!$J$6:$J$130,IFERROR(MATCH(2,Calcul!$N$60:$N$184,0),0))&"") | D43: =IF(IFERROR(MATCH(2,Calcul!$N$60:$N$184,0),0)=0,"",IF(ISNUMBER(INDEX('Liste outils'!$H$6:$H$130,IFERROR(MATCH(2,Calcul!$N$60:$N$184,0),0))),IF(NOT(ISNUMBER(INDEX('Liste outils'!$H$6:$H$130,IFERROR(MATCH(2,Calcul!$N$60:$N$184,0),0)))),"",IF(NOT(ISNUMBER(INDEX('Liste outils'!$H$6:$H$130,IFERROR(MATCH(2,Calcul!$N$60:$N$184,0),0)))),"",IF(INDEX('Liste outils'!$H$6:$H$130,IFERROR(MATCH(2,Calcul!$N$60:$N$184,0),0))<=0,"",IF(ABS(INDEX('Liste outils'!$H$6:$H$130,IFERROR(MATCH(2,Calcul!$N$60:$N$184,0),0))*64-ROUND(INDEX('Liste outils'!$H$6:$H$130,IFERROR(MATCH(2,Calcul!$N$60:$N$184,0),0))*64,0))>0.0005,"≈ ","")&IF(INT(ROUND(INDEX('Liste outils'!$H$6:$H$130,IFERROR(MATCH(2,Calcul!$N$60:$N$184,0),0))*64,0)/64)>0,INT(ROUND(INDEX('Liste outils'!$H$6:$H$130,IFERROR(MATCH(2,Calcul!$N$60:$N$184,0),0))*64,0)/64)&IF(MOD(ROUND(INDEX('Liste outils'!$H$6:$H$130,IFERROR(MATCH(2,Calcul!$N$60:$N$184,0),0))*64,0),64)>0," ",""),"")&IF(MOD(ROUND(INDEX('Liste outils'!$H$6:$H$130,IFERROR(MATCH(2,Calcul!$N$60:$N$184,0),0))*64,0),64)>0,MOD(ROUND(INDEX('Liste outils'!$H$6:$H$130,IFERROR(MATCH(2,Calcul!$N$60:$N$184,0),0))*64,0),64)/GCD(MOD(ROUND(INDEX('Liste outils'!$H$6:$H$130,IFERROR(MATCH(2,Calcul!$N$60:$N$184,0),0))*64,0),64),64)&"/"&64/GCD(MOD(ROUND(INDEX('Liste outils'!$H$6:$H$130,IFERROR(MATCH(2,Calcul!$N$60:$N$184,0),0))*64,0),64),64),IF(ROUND(INDEX('Liste outils'!$H$6:$H$130,IFERROR(MATCH(2,Calcul!$N$60:$N$184,0),0))*64,0)=0,"0",""))&""""))&" · "&FIXED(INDEX('Liste outils'!$H$6:$H$130,IFERROR(MATCH(2,Calcul!$N$60:$N$184,0),0)),4,TRUE())&" po · "&FIXED(INDEX('Liste outils'!$H$6:$H$130,IFERROR(MATCH(2,Calcul!$N$60:$N$184,0),0))*25.4,3,TRUE())&" mm"),"")) -> ≈ 1/4" · 0.2539 po · 6.449 mm | E43: =IF(IFERROR(MATCH(2,Calcul!$N$60:$N$184,0),0)=0,"",INDEX('Liste outils'!$AB$6:$AB$130,IFERROR(MATCH(2,Calcul!$N$60:$N$184,0),0))&"") -> A-2-F-4 | F43: =IF(IFERROR(MATCH(2,Calcul!$N$60:$N$184,0),0)=0,"",INDEX('Liste outils'!$O$6:$O$130,IFERROR(MATCH(2,Calcul!$N$60:$N$184,0),0))&"") -> CCMT060204FP | G43: =IF(IFERROR(MATCH(2,Calcul!$N$60:$N$184,0),0)=0,"",INDEX('Liste outils'!$AC$6:$AC$130,IFERROR(MATCH(2,Calcul!$N$60:$N$184,0),0))&"") -> Material Number 7167775, ANSI CCMT2151FP
A44: =IF(IFERROR(MATCH(3,Calcul!$N$60:$N$184,0),0)=0,"",INDEX('Liste outils'!$B$6:$B$130,IFERROR(MATCH(3,Calcul!$N$60:$N$184,0),0))&"") -> EM0001 | B44: =IF(IFERROR(MATCH(3,Calcul!$N$60:$N$184,0),0)=0,"",INDEX('Liste outils'!$C$6:$C$130,IFERROR(MATCH(3,Calcul!$N$60:$N$184,0),0))&"") -> End Mill | C44: =IF(IFERROR(MATCH(3,Calcul!$N$60:$N$184,0),0)=0,"",INDEX('Liste outils'!$J$6:$J$130,IFERROR(MATCH(3,Calcul!$N$60:$N$184,0),0))&"") | D44: =IF(IFERROR(MATCH(3,Calcul!$N$60:$N$184,0),0)=0,"",IF(ISNUMBER(INDEX('Liste outils'!$H$6:$H$130,IFERROR(MATCH(3,Calcul!$N$60:$N$184,0),0))),IF(NOT(ISNUMBER(INDEX('Liste outils'!$H$6:$H$130,IFERROR(MATCH(3,Calcul!$N$60:$N$184,0),0)))),"",IF(NOT(ISNUMBER(INDEX('Liste outils'!$H$6:$H$130,IFERROR(MATCH(3,Calcul!$N$60:$N$184,0),0)))),"",IF(INDEX('Liste outils'!$H$6:$H$130,IFERROR(MATCH(3,Calcul!$N$60:$N$184,0),0))<=0,"",IF(ABS(INDEX('Liste outils'!$H$6:$H$130,IFERROR(MATCH(3,Calcul!$N$60:$N$184,0),0))*64-ROUND(INDEX('Liste outils'!$H$6:$H$130,IFERROR(MATCH(3,Calcul!$N$60:$N$184,0),0))*64,0))>0.0005,"≈ ","")&IF(INT(ROUND(INDEX('Liste outils'!$H$6:$H$130,IFERROR(MATCH(3,Calcul!$N$60:$N$184,0),0))*64,0)/64)>0,INT(ROUND(INDEX('Liste outils'!$H$6:$H$130,IFERROR(MATCH(3,Calcul!$N$60:$N$184,0),0))*64,0)/64)&IF(MOD(ROUND(INDEX('Liste outils'!$H$6:$H$130,IFERROR(MATCH(3,Calcul!$N$60:$N$184,0),0))*64,0),64)>0," ",""),"")&IF(MOD(ROUND(INDEX('Liste outils'!$H$6:$H$130,IFERROR(MATCH(3,Calcul!$N$60:$N$184,0),0))*64,0),64)>0,MOD(ROUND(INDEX('Liste outils'!$H$6:$H$130,IFERROR(MATCH(3,Calcul!$N$60:$N$184,0),0))*64,0),64)/GCD(MOD(ROUND(INDEX('Liste outils'!$H$6:$H$130,IFERROR(MATCH(3,Calcul!$N$60:$N$184,0),0))*64,0),64),64)&"/"&64/GCD(MOD(ROUND(INDEX('Liste outils'!$H$6:$H$130,IFERROR(MATCH(3,Calcul!$N$60:$N$184,0),0))*64,0),64),64),IF(ROUND(INDEX('Liste outils'!$H$6:$H$130,IFERROR(MATCH(3,Calcul!$N$60:$N$184,0),0))*64,0)=0,"0",""))&""""))&" · "&FIXED(INDEX('Liste outils'!$H$6:$H$130,IFERROR(MATCH(3,Calcul!$N$60:$N$184,0),0)),4,TRUE())&" po · "&FIXED(INDEX('Liste outils'!$H$6:$H$130,IFERROR(MATCH(3,Calcul!$N$60:$N$184,0),0))*25.4,3,TRUE())&" mm"),"")) -> 3/8" · 0.3750 po · 9.525 mm | E44: =IF(IFERROR(MATCH(3,Calcul!$N$60:$N$184,0),0)=0,"",INDEX('Liste outils'!$AB$6:$AB$130,IFERROR(MATCH(3,Calcul!$N$60:$N$184,0),0))&"") -> A-2-A-3 | F44: =IF(IFERROR(MATCH(3,Calcul!$N$60:$N$184,0),0)=0,"",INDEX('Liste outils'!$O$6:$O$130,IFERROR(MATCH(3,Calcul!$N$60:$N$184,0),0))&"") -> DMASOL-230926 | G44: =IF(IFERROR(MATCH(3,Calcul!$N$60:$N$184,0),0)=0,"",INDEX('Liste outils'!$AC$6:$AC$130,IFERROR(MATCH(3,Calcul!$N$60:$N$184,0),0))&"") -> 45º Chamfer End
A45: =IF(IFERROR(MATCH(4,Calcul!$N$60:$N$184,0),0)=0,"",INDEX('Liste outils'!$B$6:$B$130,IFERROR(MATCH(4,Calcul!$N$60:$N$184,0),0))&"") -> EM0004 | B45: =IF(IFERROR(MATCH(4,Calcul!$N$60:$N$184,0),0)=0,"",INDEX('Liste outils'!$C$6:$C$130,IFERROR(MATCH(4,Calcul!$N$60:$N$184,0),0))&"") -> End Mill | C45: =IF(IFERROR(MATCH(4,Calcul!$N$60:$N$184,0),0)=0,"",INDEX('Liste outils'!$J$6:$J$130,IFERROR(MATCH(4,Calcul!$N$60:$N$184,0),0))&"") -> Upcut | D45: =IF(IFERROR(MATCH(4,Calcul!$N$60:$N$184,0),0)=0,"",IF(ISNUMBER(INDEX('Liste outils'!$H$6:$H$130,IFERROR(MATCH(4,Calcul!$N$60:$N$184,0),0))),IF(NOT(ISNUMBER(INDEX('Liste outils'!$H$6:$H$130,IFERROR(MATCH(4,Calcul!$N$60:$N$184,0),0)))),"",IF(NOT(ISNUMBER(INDEX('Liste outils'!$H$6:$H$130,IFERROR(MATCH(4,Calcul!$N$60:$N$184,0),0)))),"",IF(INDEX('Liste outils'!$H$6:$H$130,IFERROR(MATCH(4,Calcul!$N$60:$N$184,0),0))<=0,"",IF(ABS(INDEX('Liste outils'!$H$6:$H$130,IFERROR(MATCH(4,Calcul!$N$60:$N$184,0),0))*64-ROUND(INDEX('Liste outils'!$H$6:$H$130,IFERROR(MATCH(4,Calcul!$N$60:$N$184,0),0))*64,0))>0.0005,"≈ ","")&IF(INT(ROUND(INDEX('Liste outils'!$H$6:$H$130,IFERROR(MATCH(4,Calcul!$N$60:$N$184,0),0))*64,0)/64)>0,INT(ROUND(INDEX('Liste outils'!$H$6:$H$130,IFERROR(MATCH(4,Calcul!$N$60:$N$184,0),0))*64,0)/64)&IF(MOD(ROUND(INDEX('Liste outils'!$H$6:$H$130,IFERROR(MATCH(4,Calcul!$N$60:$N$184,0),0))*64,0),64)>0," ",""),"")&IF(MOD(ROUND(INDEX('Liste outils'!$H$6:$H$130,IFERROR(MATCH(4,Calcul!$N$60:$N$184,0),0))*64,0),64)>0,MOD(ROUND(INDEX('Liste outils'!$H$6:$H$130,IFERROR(MATCH(4,Calcul!$N$60:$N$184,0),0))*64,0),64)/GCD(MOD(ROUND(INDEX('Liste outils'!$H$6:$H$130,IFERROR(MATCH(4,Calcul!$N$60:$N$184,0),0))*64,0),64),64)&"/"&64/GCD(MOD(ROUND(INDEX('Liste outils'!$H$6:$H$130,IFERROR(MATCH(4,Calcul!$N$60:$N$184,0),0))*64,0),64),64),IF(ROUND(INDEX('Liste outils'!$H$6:$H$130,IFERROR(MATCH(4,Calcul!$N$60:$N$184,0),0))*64,0)=0,"0",""))&""""))&" · "&FIXED(INDEX('Liste outils'!$H$6:$H$130,IFERROR(MATCH(4,Calcul!$N$60:$N$184,0),0)),4,TRUE())&" po · "&FIXED(INDEX('Liste outils'!$H$6:$H$130,IFERROR(MATCH(4,Calcul!$N$60:$N$184,0),0))*25.4,3,TRUE())&" mm"),"")) -> 3/8" · 0.3750 po · 9.525 mm | E45: =IF(IFERROR(MATCH(4,Calcul!$N$60:$N$184,0),0)=0,"",INDEX('Liste outils'!$AB$6:$AB$130,IFERROR(MATCH(4,Calcul!$N$60:$N$184,0),0))&"") -> A-1-A-3 | F45: =IF(IFERROR(MATCH(4,Calcul!$N$60:$N$184,0),0)=0,"",INDEX('Liste outils'!$O$6:$O$130,IFERROR(MATCH(4,Calcul!$N$60:$N$184,0),0))&"") -> 63-774 | G45: =IF(IFERROR(MATCH(4,Calcul!$N$60:$N$184,0),0)=0,"",INDEX('Liste outils'!$AC$6:$AC$130,IFERROR(MATCH(4,Calcul!$N$60:$N$184,0),0))&"") -> ARMTEC
A46: =IF(IFERROR(MATCH(5,Calcul!$N$60:$N$184,0),0)=0,"",INDEX('Liste outils'!$B$6:$B$130,IFERROR(MATCH(5,Calcul!$N$60:$N$184,0),0))&"") -> EM0008 | B46: =IF(IFERROR(MATCH(5,Calcul!$N$60:$N$184,0),0)=0,"",INDEX('Liste outils'!$C$6:$C$130,IFERROR(MATCH(5,Calcul!$N$60:$N$184,0),0))&"") -> End Mill | C46: =IF(IFERROR(MATCH(5,Calcul!$N$60:$N$184,0),0)=0,"",INDEX('Liste outils'!$J$6:$J$130,IFERROR(MATCH(5,Calcul!$N$60:$N$184,0),0))&"") -> Upcut | D46: =IF(IFERROR(MATCH(5,Calcul!$N$60:$N$184,0),0)=0,"",IF(ISNUMBER(INDEX('Liste outils'!$H$6:$H$130,IFERROR(MATCH(5,Calcul!$N$60:$N$184,0),0))),IF(NOT(ISNUMBER(INDEX('Liste outils'!$H$6:$H$130,IFERROR(MATCH(5,Calcul!$N$60:$N$184,0),0)))),"",IF(NOT(ISNUMBER(INDEX('Liste outils'!$H$6:$H$130,IFERROR(MATCH(5,Calcul!$N$60:$N$184,0),0)))),"",IF(INDEX('Liste outils'!$H$6:$H$130,IFERROR(MATCH(5,Calcul!$N$60:$N$184,0),0))<=0,"",IF(ABS(INDEX('Liste outils'!$H$6:$H$130,IFERROR(MATCH(5,Calcul!$N$60:$N$184,0),0))*64-ROUND(INDEX('Liste outils'!$H$6:$H$130,IFERROR(MATCH(5,Calcul!$N$60:$N$184,0),0))*64,0))>0.0005,"≈ ","")&IF(INT(ROUND(INDEX('Liste outils'!$H$6:$H$130,IFERROR(MATCH(5,Calcul!$N$60:$N$184,0),0))*64,0)/64)>0,INT(ROUND(INDEX('Liste outils'!$H$6:$H$130,IFERROR(MATCH(5,Calcul!$N$60:$N$184,0),0))*64,0)/64)&IF(MOD(ROUND(INDEX('Liste outils'!$H$6:$H$130,IFERROR(MATCH(5,Calcul!$N$60:$N$184,0),0))*64,0),64)>0," ",""),"")&IF(MOD(ROUND(INDEX('Liste outils'!$H$6:$H$130,IFERROR(MATCH(5,Calcul!$N$60:$N$184,0),0))*64,0),64)>0,MOD(ROUND(INDEX('Liste outils'!$H$6:$H$130,IFERROR(MATCH(5,Calcul!$N$60:$N$184,0),0))*64,0),64)/GCD(MOD(ROUND(INDEX('Liste outils'!$H$6:$H$130,IFERROR(MATCH(5,Calcul!$N$60:$N$184,0),0))*64,0),64),64)&"/"&64/GCD(MOD(ROUND(INDEX('Liste outils'!$H$6:$H$130,IFERROR(MATCH(5,Calcul!$N$60:$N$184,0),0))*64,0),64),64),IF(ROUND(INDEX('Liste outils'!$H$6:$H$130,IFERROR(MATCH(5,Calcul!$N$60:$N$184,0),0))*64,0)=0,"0",""))&""""))&" · "&FIXED(INDEX('Liste outils'!$H$6:$H$130,IFERROR(MATCH(5,Calcul!$N$60:$N$184,0),0)),4,TRUE())&" po · "&FIXED(INDEX('Liste outils'!$H$6:$H$130,IFERROR(MATCH(5,Calcul!$N$60:$N$184,0),0))*25.4,3,TRUE())&" mm"),"")) -> 3/4" · 0.7500 po · 19.050 mm | E46: =IF(IFERROR(MATCH(5,Calcul!$N$60:$N$184,0),0)=0,"",INDEX('Liste outils'!$AB$6:$AB$130,IFERROR(MATCH(5,Calcul!$N$60:$N$184,0),0))&"") -> A-1-B-3 | F46: =IF(IFERROR(MATCH(5,Calcul!$N$60:$N$184,0),0)=0,"",INDEX('Liste outils'!$O$6:$O$130,IFERROR(MATCH(5,Calcul!$N$60:$N$184,0),0))&"") -> 63-725 | G46: =IF(IFERROR(MATCH(5,Calcul!$N$60:$N$184,0),0)=0,"",INDEX('Liste outils'!$AC$6:$AC$130,IFERROR(MATCH(5,Calcul!$N$60:$N$184,0),0))&"")
A47: =IF(IFERROR(MATCH(6,Calcul!$N$60:$N$184,0),0)=0,"",INDEX('Liste outils'!$B$6:$B$130,IFERROR(MATCH(6,Calcul!$N$60:$N$184,0),0))&"") -> EM0012 | B47: =IF(IFERROR(MATCH(6,Calcul!$N$60:$N$184,0),0)=0,"",INDEX('Liste outils'!$C$6:$C$130,IFERROR(MATCH(6,Calcul!$N$60:$N$184,0),0))&"") -> End Mill | C47: =IF(IFERROR(MATCH(6,Calcul!$N$60:$N$184,0),0)=0,"",INDEX('Liste outils'!$J$6:$J$130,IFERROR(MATCH(6,Calcul!$N$60:$N$184,0),0))&"") -> Downcut | D47: =IF(IFERROR(MATCH(6,Calcul!$N$60:$N$184,0),0)=0,"",IF(ISNUMBER(INDEX('Liste outils'!$H$6:$H$130,IFERROR(MATCH(6,Calcul!$N$60:$N$184,0),0))),IF(NOT(ISNUMBER(INDEX('Liste outils'!$H$6:$H$130,IFERROR(MATCH(6,Calcul!$N$60:$N$184,0),0)))),"",IF(NOT(ISNUMBER(INDEX('Liste outils'!$H$6:$H$130,IFERROR(MATCH(6,Calcul!$N$60:$N$184,0),0)))),"",IF(INDEX('Liste outils'!$H$6:$H$130,IFERROR(MATCH(6,Calcul!$N$60:$N$184,0),0))<=0,"",IF(ABS(INDEX('Liste outils'!$H$6:$H$130,IFERROR(MATCH(6,Calcul!$N$60:$N$184,0),0))*64-ROUND(INDEX('Liste outils'!$H$6:$H$130,IFERROR(MATCH(6,Calcul!$N$60:$N$184,0),0))*64,0))>0.0005,"≈ ","")&IF(INT(ROUND(INDEX('Liste outils'!$H$6:$H$130,IFERROR(MATCH(6,Calcul!$N$60:$N$184,0),0))*64,0)/64)>0,INT(ROUND(INDEX('Liste outils'!$H$6:$H$130,IFERROR(MATCH(6,Calcul!$N$60:$N$184,0),0))*64,0)/64)&IF(MOD(ROUND(INDEX('Liste outils'!$H$6:$H$130,IFERROR(MATCH(6,Calcul!$N$60:$N$184,0),0))*64,0),64)>0," ",""),"")&IF(MOD(ROUND(INDEX('Liste outils'!$H$6:$H$130,IFERROR(MATCH(6,Calcul!$N$60:$N$184,0),0))*64,0),64)>0,MOD(ROUND(INDEX('Liste outils'!$H$6:$H$130,IFERROR(MATCH(6,Calcul!$N$60:$N$184,0),0))*64,0),64)/GCD(MOD(ROUND(INDEX('Liste outils'!$H$6:$H$130,IFERROR(MATCH(6,Calcul!$N$60:$N$184,0),0))*64,0),64),64)&"/"&64/GCD(MOD(ROUND(INDEX('Liste outils'!$H$6:$H$130,IFERROR(MATCH(6,Calcul!$N$60:$N$184,0),0))*64,0),64),64),IF(ROUND(INDEX('Liste outils'!$H$6:$H$130,IFERROR(MATCH(6,Calcul!$N$60:$N$184,0),0))*64,0)=0,"0",""))&""""))&" · "&FIXED(INDEX('Liste outils'!$H$6:$H$130,IFERROR(MATCH(6,Calcul!$N$60:$N$184,0),0)),4,TRUE())&" po · "&FIXED(INDEX('Liste outils'!$H$6:$H$130,IFERROR(MATCH(6,Calcul!$N$60:$N$184,0),0))*25.4,3,TRUE())&" mm"),"")) -> 1 1/2" · 1.5000 po · 38.100 mm | E47: =IF(IFERROR(MATCH(6,Calcul!$N$60:$N$184,0),0)=0,"",INDEX('Liste outils'!$AB$6:$AB$130,IFERROR(MATCH(6,Calcul!$N$60:$N$184,0),0))&"") -> A-1-C-3 | F47: =IF(IFERROR(MATCH(6,Calcul!$N$60:$N$184,0),0)=0,"",INDEX('Liste outils'!$O$6:$O$130,IFERROR(MATCH(6,Calcul!$N$60:$N$184,0),0))&"") -> 62-727 | G47: =IF(IFERROR(MATCH(6,Calcul!$N$60:$N$184,0),0)=0,"",INDEX('Liste outils'!$AC$6:$AC$130,IFERROR(MATCH(6,Calcul!$N$60:$N$184,0),0))&"")
A48: =IF(IFERROR(MATCH(7,Calcul!$N$60:$N$184,0),0)=0,"",INDEX('Liste outils'!$B$6:$B$130,IFERROR(MATCH(7,Calcul!$N$60:$N$184,0),0))&"") -> EM0013 | B48: =IF(IFERROR(MATCH(7,Calcul!$N$60:$N$184,0),0)=0,"",INDEX('Liste outils'!$C$6:$C$130,IFERROR(MATCH(7,Calcul!$N$60:$N$184,0),0))&"") -> End Mill | C48: =IF(IFERROR(MATCH(7,Calcul!$N$60:$N$184,0),0)=0,"",INDEX('Liste outils'!$J$6:$J$130,IFERROR(MATCH(7,Calcul!$N$60:$N$184,0),0))&"") -> Upcut | D48: =IF(IFERROR(MATCH(7,Calcul!$N$60:$N$184,0),0)=0,"",IF(ISNUMBER(INDEX('Liste outils'!$H$6:$H$130,IFERROR(MATCH(7,Calcul!$N$60:$N$184,0),0))),IF(NOT(ISNUMBER(INDEX('Liste outils'!$H$6:$H$130,IFERROR(MATCH(7,Calcul!$N$60:$N$184,0),0)))),"",IF(NOT(ISNUMBER(INDEX('Liste outils'!$H$6:$H$130,IFERROR(MATCH(7,Calcul!$N$60:$N$184,0),0)))),"",IF(INDEX('Liste outils'!$H$6:$H$130,IFERROR(MATCH(7,Calcul!$N$60:$N$184,0),0))<=0,"",IF(ABS(INDEX('Liste outils'!$H$6:$H$130,IFERROR(MATCH(7,Calcul!$N$60:$N$184,0),0))*64-ROUND(INDEX('Liste outils'!$H$6:$H$130,IFERROR(MATCH(7,Calcul!$N$60:$N$184,0),0))*64,0))>0.0005,"≈ ","")&IF(INT(ROUND(INDEX('Liste outils'!$H$6:$H$130,IFERROR(MATCH(7,Calcul!$N$60:$N$184,0),0))*64,0)/64)>0,INT(ROUND(INDEX('Liste outils'!$H$6:$H$130,IFERROR(MATCH(7,Calcul!$N$60:$N$184,0),0))*64,0)/64)&IF(MOD(ROUND(INDEX('Liste outils'!$H$6:$H$130,IFERROR(MATCH(7,Calcul!$N$60:$N$184,0),0))*64,0),64)>0," ",""),"")&IF(MOD(ROUND(INDEX('Liste outils'!$H$6:$H$130,IFERROR(MATCH(7,Calcul!$N$60:$N$184,0),0))*64,0),64)>0,MOD(ROUND(INDEX('Liste outils'!$H$6:$H$130,IFERROR(MATCH(7,Calcul!$N$60:$N$184,0),0))*64,0),64)/GCD(MOD(ROUND(INDEX('Liste outils'!$H$6:$H$130,IFERROR(MATCH(7,Calcul!$N$60:$N$184,0),0))*64,0),64),64)&"/"&64/GCD(MOD(ROUND(INDEX('Liste outils'!$H$6:$H$130,IFERROR(MATCH(7,Calcul!$N$60:$N$184,0),0))*64,0),64),64),IF(ROUND(INDEX('Liste outils'!$H$6:$H$130,IFERROR(MATCH(7,Calcul!$N$60:$N$184,0),0))*64,0)=0,"0",""))&""""))&" · "&FIXED(INDEX('Liste outils'!$H$6:$H$130,IFERROR(MATCH(7,Calcul!$N$60:$N$184,0),0)),4,TRUE())&" po · "&FIXED(INDEX('Liste outils'!$H$6:$H$130,IFERROR(MATCH(7,Calcul!$N$60:$N$184,0),0))*25.4,3,TRUE())&" mm"),"")) -> 1 1/2" · 1.5000 po · 38.100 mm | E48: =IF(IFERROR(MATCH(7,Calcul!$N$60:$N$184,0),0)=0,"",INDEX('Liste outils'!$AB$6:$AB$130,IFERROR(MATCH(7,Calcul!$N$60:$N$184,0),0))&"") -> A-1-C-4 | F48: =IF(IFERROR(MATCH(7,Calcul!$N$60:$N$184,0),0)=0,"",INDEX('Liste outils'!$O$6:$O$130,IFERROR(MATCH(7,Calcul!$N$60:$N$184,0),0))&"") -> 65-109 | G48: =IF(IFERROR(MATCH(7,Calcul!$N$60:$N$184,0),0)=0,"",INDEX('Liste outils'!$AC$6:$AC$130,IFERROR(MATCH(7,Calcul!$N$60:$N$184,0),0))&"") -> Stronger core 8x Diameter
A49: =IF(IFERROR(MATCH(8,Calcul!$N$60:$N$184,0),0)=0,"",INDEX('Liste outils'!$B$6:$B$130,IFERROR(MATCH(8,Calcul!$N$60:$N$184,0),0))&"") -> EM0015 | B49: =IF(IFERROR(MATCH(8,Calcul!$N$60:$N$184,0),0)=0,"",INDEX('Liste outils'!$C$6:$C$130,IFERROR(MATCH(8,Calcul!$N$60:$N$184,0),0))&"") -> End Mill | C49: =IF(IFERROR(MATCH(8,Calcul!$N$60:$N$184,0),0)=0,"",INDEX('Liste outils'!$J$6:$J$130,IFERROR(MATCH(8,Calcul!$N$60:$N$184,0),0))&"") -> Upcut | D49: =IF(IFERROR(MATCH(8,Calcul!$N$60:$N$184,0),0)=0,"",IF(ISNUMBER(INDEX('Liste outils'!$H$6:$H$130,IFERROR(MATCH(8,Calcul!$N$60:$N$184,0),0))),IF(NOT(ISNUMBER(INDEX('Liste outils'!$H$6:$H$130,IFERROR(MATCH(8,Calcul!$N$60:$N$184,0),0)))),"",IF(NOT(ISNUMBER(INDEX('Liste outils'!$H$6:$H$130,IFERROR(MATCH(8,Calcul!$N$60:$N$184,0),0)))),"",IF(INDEX('Liste outils'!$H$6:$H$130,IFERROR(MATCH(8,Calcul!$N$60:$N$184,0),0))<=0,"",IF(ABS(INDEX('Liste outils'!$H$6:$H$130,IFERROR(MATCH(8,Calcul!$N$60:$N$184,0),0))*64-ROUND(INDEX('Liste outils'!$H$6:$H$130,IFERROR(MATCH(8,Calcul!$N$60:$N$184,0),0))*64,0))>0.0005,"≈ ","")&IF(INT(ROUND(INDEX('Liste outils'!$H$6:$H$130,IFERROR(MATCH(8,Calcul!$N$60:$N$184,0),0))*64,0)/64)>0,INT(ROUND(INDEX('Liste outils'!$H$6:$H$130,IFERROR(MATCH(8,Calcul!$N$60:$N$184,0),0))*64,0)/64)&IF(MOD(ROUND(INDEX('Liste outils'!$H$6:$H$130,IFERROR(MATCH(8,Calcul!$N$60:$N$184,0),0))*64,0),64)>0," ",""),"")&IF(MOD(ROUND(INDEX('Liste outils'!$H$6:$H$130,IFERROR(MATCH(8,Calcul!$N$60:$N$184,0),0))*64,0),64)>0,MOD(ROUND(INDEX('Liste outils'!$H$6:$H$130,IFERROR(MATCH(8,Calcul!$N$60:$N$184,0),0))*64,0),64)/GCD(MOD(ROUND(INDEX('Liste outils'!$H$6:$H$130,IFERROR(MATCH(8,Calcul!$N$60:$N$184,0),0))*64,0),64),64)&"/"&64/GCD(MOD(ROUND(INDEX('Liste outils'!$H$6:$H$130,IFERROR(MATCH(8,Calcul!$N$60:$N$184,0),0))*64,0),64),64),IF(ROUND(INDEX('Liste outils'!$H$6:$H$130,IFERROR(MATCH(8,Calcul!$N$60:$N$184,0),0))*64,0)=0,"0",""))&""""))&" · "&FIXED(INDEX('Liste outils'!$H$6:$H$130,IFERROR(MATCH(8,Calcul!$N$60:$N$184,0),0)),4,TRUE())&" po · "&FIXED(INDEX('Liste outils'!$H$6:$H$130,IFERROR(MATCH(8,Calcul!$N$60:$N$184,0),0))*25.4,3,TRUE())&" mm"),"")) -> 3/4" · 0.7500 po · 19.050 mm | E49: =IF(IFERROR(MATCH(8,Calcul!$N$60:$N$184,0),0)=0,"",INDEX('Liste outils'!$AB$6:$AB$130,IFERROR(MATCH(8,Calcul!$N$60:$N$184,0),0))&"") -> A-1-D-2 | F49: =IF(IFERROR(MATCH(8,Calcul!$N$60:$N$184,0),0)=0,"",INDEX('Liste outils'!$O$6:$O$130,IFERROR(MATCH(8,Calcul!$N$60:$N$184,0),0))&"") -> 63-775 | G49: =IF(IFERROR(MATCH(8,Calcul!$N$60:$N$184,0),0)=0,"",INDEX('Liste outils'!$AC$6:$AC$130,IFERROR(MATCH(8,Calcul!$N$60:$N$184,0),0))&"")
A50: =IF(IFERROR(MATCH(9,Calcul!$N$60:$N$184,0),0)=0,"",INDEX('Liste outils'!$B$6:$B$130,IFERROR(MATCH(9,Calcul!$N$60:$N$184,0),0))&"") -> EM0016 | B50: =IF(IFERROR(MATCH(9,Calcul!$N$60:$N$184,0),0)=0,"",INDEX('Liste outils'!$C$6:$C$130,IFERROR(MATCH(9,Calcul!$N$60:$N$184,0),0))&"") -> End Mill | C50: =IF(IFERROR(MATCH(9,Calcul!$N$60:$N$184,0),0)=0,"",INDEX('Liste outils'!$J$6:$J$130,IFERROR(MATCH(9,Calcul!$N$60:$N$184,0),0))&"") -> Upcut | D50: =IF(IFERROR(MATCH(9,Calcul!$N$60:$N$184,0),0)=0,"",IF(ISNUMBER(INDEX('Liste outils'!$H$6:$H$130,IFERROR(MATCH(9,Calcul!$N$60:$N$184,0),0))),IF(NOT(ISNUMBER(INDEX('Liste outils'!$H$6:$H$130,IFERROR(MATCH(9,Calcul!$N$60:$N$184,0),0)))),"",IF(NOT(ISNUMBER(INDEX('Liste outils'!$H$6:$H$130,IFERROR(MATCH(9,Calcul!$N$60:$N$184,0),0)))),"",IF(INDEX('Liste outils'!$H$6:$H$130,IFERROR(MATCH(9,Calcul!$N$60:$N$184,0),0))<=0,"",IF(ABS(INDEX('Liste outils'!$H$6:$H$130,IFERROR(MATCH(9,Calcul!$N$60:$N$184,0),0))*64-ROUND(INDEX('Liste outils'!$H$6:$H$130,IFERROR(MATCH(9,Calcul!$N$60:$N$184,0),0))*64,0))>0.0005,"≈ ","")&IF(INT(ROUND(INDEX('Liste outils'!$H$6:$H$130,IFERROR(MATCH(9,Calcul!$N$60:$N$184,0),0))*64,0)/64)>0,INT(ROUND(INDEX('Liste outils'!$H$6:$H$130,IFERROR(MATCH(9,Calcul!$N$60:$N$184,0),0))*64,0)/64)&IF(MOD(ROUND(INDEX('Liste outils'!$H$6:$H$130,IFERROR(MATCH(9,Calcul!$N$60:$N$184,0),0))*64,0),64)>0," ",""),"")&IF(MOD(ROUND(INDEX('Liste outils'!$H$6:$H$130,IFERROR(MATCH(9,Calcul!$N$60:$N$184,0),0))*64,0),64)>0,MOD(ROUND(INDEX('Liste outils'!$H$6:$H$130,IFERROR(MATCH(9,Calcul!$N$60:$N$184,0),0))*64,0),64)/GCD(MOD(ROUND(INDEX('Liste outils'!$H$6:$H$130,IFERROR(MATCH(9,Calcul!$N$60:$N$184,0),0))*64,0),64),64)&"/"&64/GCD(MOD(ROUND(INDEX('Liste outils'!$H$6:$H$130,IFERROR(MATCH(9,Calcul!$N$60:$N$184,0),0))*64,0),64),64),IF(ROUND(INDEX('Liste outils'!$H$6:$H$130,IFERROR(MATCH(9,Calcul!$N$60:$N$184,0),0))*64,0)=0,"0",""))&""""))&" · "&FIXED(INDEX('Liste outils'!$H$6:$H$130,IFERROR(MATCH(9,Calcul!$N$60:$N$184,0),0)),4,TRUE())&" po · "&FIXED(INDEX('Liste outils'!$H$6:$H$130,IFERROR(MATCH(9,Calcul!$N$60:$N$184,0),0))*25.4,3,TRUE())&" mm"),"")) -> 1 1/4" · 1.2500 po · 31.750 mm | E50: =IF(IFERROR(MATCH(9,Calcul!$N$60:$N$184,0),0)=0,"",INDEX('Liste outils'!$AB$6:$AB$130,IFERROR(MATCH(9,Calcul!$N$60:$N$184,0),0))&"") -> A-1-D-3 | F50: =IF(IFERROR(MATCH(9,Calcul!$N$60:$N$184,0),0)=0,"",INDEX('Liste outils'!$O$6:$O$130,IFERROR(MATCH(9,Calcul!$N$60:$N$184,0),0))&"") -> 63-776 | G50: =IF(IFERROR(MATCH(9,Calcul!$N$60:$N$184,0),0)=0,"",INDEX('Liste outils'!$AC$6:$AC$130,IFERROR(MATCH(9,Calcul!$N$60:$N$184,0),0))&"")
A51: =IF(IFERROR(MATCH(10,Calcul!$N$60:$N$184,0),0)=0,"",INDEX('Liste outils'!$B$6:$B$130,IFERROR(MATCH(10,Calcul!$N$60:$N$184,0),0))&"") -> EM0017 | B51: =IF(IFERROR(MATCH(10,Calcul!$N$60:$N$184,0),0)=0,"",INDEX('Liste outils'!$C$6:$C$130,IFERROR(MATCH(10,Calcul!$N$60:$N$184,0),0))&"") -> End Mill | C51: =IF(IFERROR(MATCH(10,Calcul!$N$60:$N$184,0),0)=0,"",INDEX('Liste outils'!$J$6:$J$130,IFERROR(MATCH(10,Calcul!$N$60:$N$184,0),0))&"") -> Upcut | D51: =IF(IFERROR(MATCH(10,Calcul!$N$60:$N$184,0),0)=0,"",IF(ISNUMBER(INDEX('Liste outils'!$H$6:$H$130,IFERROR(MATCH(10,Calcul!$N$60:$N$184,0),0))),IF(NOT(ISNUMBER(INDEX('Liste outils'!$H$6:$H$130,IFERROR(MATCH(10,Calcul!$N$60:$N$184,0),0)))),"",IF(NOT(ISNUMBER(INDEX('Liste outils'!$H$6:$H$130,IFERROR(MATCH(10,Calcul!$N$60:$N$184,0),0)))),"",IF(INDEX('Liste outils'!$H$6:$H$130,IFERROR(MATCH(10,Calcul!$N$60:$N$184,0),0))<=0,"",IF(ABS(INDEX('Liste outils'!$H$6:$H$130,IFERROR(MATCH(10,Calcul!$N$60:$N$184,0),0))*64-ROUND(INDEX('Liste outils'!$H$6:$H$130,IFERROR(MATCH(10,Calcul!$N$60:$N$184,0),0))*64,0))>0.0005,"≈ ","")&IF(INT(ROUND(INDEX('Liste outils'!$H$6:$H$130,IFERROR(MATCH(10,Calcul!$N$60:$N$184,0),0))*64,0)/64)>0,INT(ROUND(INDEX('Liste outils'!$H$6:$H$130,IFERROR(MATCH(10,Calcul!$N$60:$N$184,0),0))*64,0)/64)&IF(MOD(ROUND(INDEX('Liste outils'!$H$6:$H$130,IFERROR(MATCH(10,Calcul!$N$60:$N$184,0),0))*64,0),64)>0," ",""),"")&IF(MOD(ROUND(INDEX('Liste outils'!$H$6:$H$130,IFERROR(MATCH(10,Calcul!$N$60:$N$184,0),0))*64,0),64)>0,MOD(ROUND(INDEX('Liste outils'!$H$6:$H$130,IFERROR(MATCH(10,Calcul!$N$60:$N$184,0),0))*64,0),64)/GCD(MOD(ROUND(INDEX('Liste outils'!$H$6:$H$130,IFERROR(MATCH(10,Calcul!$N$60:$N$184,0),0))*64,0),64),64)&"/"&64/GCD(MOD(ROUND(INDEX('Liste outils'!$H$6:$H$130,IFERROR(MATCH(10,Calcul!$N$60:$N$184,0),0))*64,0),64),64),IF(ROUND(INDEX('Liste outils'!$H$6:$H$130,IFERROR(MATCH(10,Calcul!$N$60:$N$184,0),0))*64,0)=0,"0",""))&""""))&" · "&FIXED(INDEX('Liste outils'!$H$6:$H$130,IFERROR(MATCH(10,Calcul!$N$60:$N$184,0),0)),4,TRUE())&" po · "&FIXED(INDEX('Liste outils'!$H$6:$H$130,IFERROR(MATCH(10,Calcul!$N$60:$N$184,0),0))*25.4,3,TRUE())&" mm"),"")) -> 1 1/2" · 1.5000 po · 38.100 mm | E51: =IF(IFERROR(MATCH(10,Calcul!$N$60:$N$184,0),0)=0,"",INDEX('Liste outils'!$AB$6:$AB$130,IFERROR(MATCH(10,Calcul!$N$60:$N$184,0),0))&"") -> A-1-D-4 | F51: =IF(IFERROR(MATCH(10,Calcul!$N$60:$N$184,0),0)=0,"",INDEX('Liste outils'!$O$6:$O$130,IFERROR(MATCH(10,Calcul!$N$60:$N$184,0),0))&"") -> 63-777 | G51: =IF(IFERROR(MATCH(10,Calcul!$N$60:$N$184,0),0)=0,"",INDEX('Liste outils'!$AC$6:$AC$130,IFERROR(MATCH(10,Calcul!$N$60:$N$184,0),0))&"")
A52: =IF(IFERROR(MATCH(11,Calcul!$N$60:$N$184,0),0)=0,"",INDEX('Liste outils'!$B$6:$B$130,IFERROR(MATCH(11,Calcul!$N$60:$N$184,0),0))&"") -> EM0025 | B52: =IF(IFERROR(MATCH(11,Calcul!$N$60:$N$184,0),0)=0,"",INDEX('Liste outils'!$C$6:$C$130,IFERROR(MATCH(11,Calcul!$N$60:$N$184,0),0))&"") -> End Mill | C52: =IF(IFERROR(MATCH(11,Calcul!$N$60:$N$184,0),0)=0,"",INDEX('Liste outils'!$J$6:$J$130,IFERROR(MATCH(11,Calcul!$N$60:$N$184,0),0))&"") -> Upcut | D52: =IF(IFERROR(MATCH(11,Calcul!$N$60:$N$184,0),0)=0,"",IF(ISNUMBER(INDEX('Liste outils'!$H$6:$H$130,IFERROR(MATCH(11,Calcul!$N$60:$N$184,0),0))),IF(NOT(ISNUMBER(INDEX('Liste outils'!$H$6:$H$130,IFERROR(MATCH(11,Calcul!$N$60:$N$184,0),0)))),"",IF(NOT(ISNUMBER(INDEX('Liste outils'!$H$6:$H$130,IFERROR(MATCH(11,Calcul!$N$60:$N$184,0),0)))),"",IF(INDEX('Liste outils'!$H$6:$H$130,IFERROR(MATCH(11,Calcul!$N$60:$N$184,0),0))<=0,"",IF(ABS(INDEX('Liste outils'!$H$6:$H$130,IFERROR(MATCH(11,Calcul!$N$60:$N$184,0),0))*64-ROUND(INDEX('Liste outils'!$H$6:$H$130,IFERROR(MATCH(11,Calcul!$N$60:$N$184,0),0))*64,0))>0.0005,"≈ ","")&IF(INT(ROUND(INDEX('Liste outils'!$H$6:$H$130,IFERROR(MATCH(11,Calcul!$N$60:$N$184,0),0))*64,0)/64)>0,INT(ROUND(INDEX('Liste outils'!$H$6:$H$130,IFERROR(MATCH(11,Calcul!$N$60:$N$184,0),0))*64,0)/64)&IF(MOD(ROUND(INDEX('Liste outils'!$H$6:$H$130,IFERROR(MATCH(11,Calcul!$N$60:$N$184,0),0))*64,0),64)>0," ",""),"")&IF(MOD(ROUND(INDEX('Liste outils'!$H$6:$H$130,IFERROR(MATCH(11,Calcul!$N$60:$N$184,0),0))*64,0),64)>0,MOD(ROUND(INDEX('Liste outils'!$H$6:$H$130,IFERROR(MATCH(11,Calcul!$N$60:$N$184,0),0))*64,0),64)/GCD(MOD(ROUND(INDEX('Liste outils'!$H$6:$H$130,IFERROR(MATCH(11,Calcul!$N$60:$N$184,0),0))*64,0),64),64)&"/"&64/GCD(MOD(ROUND(INDEX('Liste outils'!$H$6:$H$130,IFERROR(MATCH(11,Calcul!$N$60:$N$184,0),0))*64,0),64),64),IF(ROUND(INDEX('Liste outils'!$H$6:$H$130,IFERROR(MATCH(11,Calcul!$N$60:$N$184,0),0))*64,0)=0,"0",""))&""""))&" · "&FIXED(INDEX('Liste outils'!$H$6:$H$130,IFERROR(MATCH(11,Calcul!$N$60:$N$184,0),0)),4,TRUE())&" po · "&FIXED(INDEX('Liste outils'!$H$6:$H$130,IFERROR(MATCH(11,Calcul!$N$60:$N$184,0),0))*25.4,3,TRUE())&" mm"),"")) -> 1/2" · 0.5000 po · 12.700 mm | E52: =IF(IFERROR(MATCH(11,Calcul!$N$60:$N$184,0),0)=0,"",INDEX('Liste outils'!$AB$6:$AB$130,IFERROR(MATCH(11,Calcul!$N$60:$N$184,0),0))&"") -> A-1-H-4 | F52: =IF(IFERROR(MATCH(11,Calcul!$N$60:$N$184,0),0)=0,"",INDEX('Liste outils'!$O$6:$O$130,IFERROR(MATCH(11,Calcul!$N$60:$N$184,0),0))&"") -> 88300209 | G52: =IF(IFERROR(MATCH(11,Calcul!$N$60:$N$184,0),0)=0,"",INDEX('Liste outils'!$AC$6:$AC$130,IFERROR(MATCH(11,Calcul!$N$60:$N$184,0),0))&"") -> Clear Charge
A53: =IF(IFERROR(MATCH(12,Calcul!$N$60:$N$184,0),0)=0,"",INDEX('Liste outils'!$B$6:$B$130,IFERROR(MATCH(12,Calcul!$N$60:$N$184,0),0))&"") -> EM0029 | B53: =IF(IFERROR(MATCH(12,Calcul!$N$60:$N$184,0),0)=0,"",INDEX('Liste outils'!$C$6:$C$130,IFERROR(MATCH(12,Calcul!$N$60:$N$184,0),0))&"") -> End Mill | C53: =IF(IFERROR(MATCH(12,Calcul!$N$60:$N$184,0),0)=0,"",INDEX('Liste outils'!$J$6:$J$130,IFERROR(MATCH(12,Calcul!$N$60:$N$184,0),0))&"") -> Upcut | D53: =IF(IFERROR(MATCH(12,Calcul!$N$60:$N$184,0),0)=0,"",IF(ISNUMBER(INDEX('Liste outils'!$H$6:$H$130,IFERROR(MATCH(12,Calcul!$N$60:$N$184,0),0))),IF(NOT(ISNUMBER(INDEX('Liste outils'!$H$6:$H$130,IFERROR(MATCH(12,Calcul!$N$60:$N$184,0),0)))),"",IF(NOT(ISNUMBER(INDEX('Liste outils'!$H$6:$H$130,IFERROR(MATCH(12,Calcul!$N$60:$N$184,0),0)))),"",IF(INDEX('Liste outils'!$H$6:$H$130,IFERROR(MATCH(12,Calcul!$N$60:$N$184,0),0))<=0,"",IF(ABS(INDEX('Liste outils'!$H$6:$H$130,IFERROR(MATCH(12,Calcul!$N$60:$N$184,0),0))*64-ROUND(INDEX('Liste outils'!$H$6:$H$130,IFERROR(MATCH(12,Calcul!$N$60:$N$184,0),0))*64,0))>0.0005,"≈ ","")&IF(INT(ROUND(INDEX('Liste outils'!$H$6:$H$130,IFERROR(MATCH(12,Calcul!$N$60:$N$184,0),0))*64,0)/64)>0,INT(ROUND(INDEX('Liste outils'!$H$6:$H$130,IFERROR(MATCH(12,Calcul!$N$60:$N$184,0),0))*64,0)/64)&IF(MOD(ROUND(INDEX('Liste outils'!$H$6:$H$130,IFERROR(MATCH(12,Calcul!$N$60:$N$184,0),0))*64,0),64)>0," ",""),"")&IF(MOD(ROUND(INDEX('Liste outils'!$H$6:$H$130,IFERROR(MATCH(12,Calcul!$N$60:$N$184,0),0))*64,0),64)>0,MOD(ROUND(INDEX('Liste outils'!$H$6:$H$130,IFERROR(MATCH(12,Calcul!$N$60:$N$184,0),0))*64,0),64)/GCD(MOD(ROUND(INDEX('Liste outils'!$H$6:$H$130,IFERROR(MATCH(12,Calcul!$N$60:$N$184,0),0))*64,0),64),64)&"/"&64/GCD(MOD(ROUND(INDEX('Liste outils'!$H$6:$H$130,IFERROR(MATCH(12,Calcul!$N$60:$N$184,0),0))*64,0),64),64),IF(ROUND(INDEX('Liste outils'!$H$6:$H$130,IFERROR(MATCH(12,Calcul!$N$60:$N$184,0),0))*64,0)=0,"0",""))&""""))&" · "&FIXED(INDEX('Liste outils'!$H$6:$H$130,IFERROR(MATCH(12,Calcul!$N$60:$N$184,0),0)),4,TRUE())&" po · "&FIXED(INDEX('Liste outils'!$H$6:$H$130,IFERROR(MATCH(12,Calcul!$N$60:$N$184,0),0))*25.4,3,TRUE())&" mm"),"")) -> 7/8" · 0.8750 po · 22.225 mm | E53: =IF(IFERROR(MATCH(12,Calcul!$N$60:$N$184,0),0)=0,"",INDEX('Liste outils'!$AB$6:$AB$130,IFERROR(MATCH(12,Calcul!$N$60:$N$184,0),0))&"") -> A-1-K-1 | F53: =IF(IFERROR(MATCH(12,Calcul!$N$60:$N$184,0),0)=0,"",INDEX('Liste outils'!$O$6:$O$130,IFERROR(MATCH(12,Calcul!$N$60:$N$184,0),0))&"") -> 52-280B | G53: =IF(IFERROR(MATCH(12,Calcul!$N$60:$N$184,0),0)=0,"",INDEX('Liste outils'!$AC$6:$AC$130,IFERROR(MATCH(12,Calcul!$N$60:$N$184,0),0))&"") -> Ball Nose
A54: =IF(IFERROR(MATCH(13,Calcul!$N$60:$N$184,0),0)=0,"",INDEX('Liste outils'!$B$6:$B$130,IFERROR(MATCH(13,Calcul!$N$60:$N$184,0),0))&"") -> EM0031 | B54: =IF(IFERROR(MATCH(13,Calcul!$N$60:$N$184,0),0)=0,"",INDEX('Liste outils'!$C$6:$C$130,IFERROR(MATCH(13,Calcul!$N$60:$N$184,0),0))&"") -> End Mill | C54: =IF(IFERROR(MATCH(13,Calcul!$N$60:$N$184,0),0)=0,"",INDEX('Liste outils'!$J$6:$J$130,IFERROR(MATCH(13,Calcul!$N$60:$N$184,0),0))&"") | D54: =IF(IFERROR(MATCH(13,Calcul!$N$60:$N$184,0),0)=0,"",IF(ISNUMBER(INDEX('Liste outils'!$H$6:$H$130,IFERROR(MATCH(13,Calcul!$N$60:$N$184,0),0))),IF(NOT(ISNUMBER(INDEX('Liste outils'!$H$6:$H$130,IFERROR(MATCH(13,Calcul!$N$60:$N$184,0),0)))),"",IF(NOT(ISNUMBER(INDEX('Liste outils'!$H$6:$H$130,IFERROR(MATCH(13,Calcul!$N$60:$N$184,0),0)))),"",IF(INDEX('Liste outils'!$H$6:$H$130,IFERROR(MATCH(13,Calcul!$N$60:$N$184,0),0))<=0,"",IF(ABS(INDEX('Liste outils'!$H$6:$H$130,IFERROR(MATCH(13,Calcul!$N$60:$N$184,0),0))*64-ROUND(INDEX('Liste outils'!$H$6:$H$130,IFERROR(MATCH(13,Calcul!$N$60:$N$184,0),0))*64,0))>0.0005,"≈ ","")&IF(INT(ROUND(INDEX('Liste outils'!$H$6:$H$130,IFERROR(MATCH(13,Calcul!$N$60:$N$184,0),0))*64,0)/64)>0,INT(ROUND(INDEX('Liste outils'!$H$6:$H$130,IFERROR(MATCH(13,Calcul!$N$60:$N$184,0),0))*64,0)/64)&IF(MOD(ROUND(INDEX('Liste outils'!$H$6:$H$130,IFERROR(MATCH(13,Calcul!$N$60:$N$184,0),0))*64,0),64)>0," ",""),"")&IF(MOD(ROUND(INDEX('Liste outils'!$H$6:$H$130,IFERROR(MATCH(13,Calcul!$N$60:$N$184,0),0))*64,0),64)>0,MOD(ROUND(INDEX('Liste outils'!$H$6:$H$130,IFERROR(MATCH(13,Calcul!$N$60:$N$184,0),0))*64,0),64)/GCD(MOD(ROUND(INDEX('Liste outils'!$H$6:$H$130,IFERROR(MATCH(13,Calcul!$N$60:$N$184,0),0))*64,0),64),64)&"/"&64/GCD(MOD(ROUND(INDEX('Liste outils'!$H$6:$H$130,IFERROR(MATCH(13,Calcul!$N$60:$N$184,0),0))*64,0),64),64),IF(ROUND(INDEX('Liste outils'!$H$6:$H$130,IFERROR(MATCH(13,Calcul!$N$60:$N$184,0),0))*64,0)=0,"0",""))&""""))&" · "&FIXED(INDEX('Liste outils'!$H$6:$H$130,IFERROR(MATCH(13,Calcul!$N$60:$N$184,0),0)),4,TRUE())&" po · "&FIXED(INDEX('Liste outils'!$H$6:$H$130,IFERROR(MATCH(13,Calcul!$N$60:$N$184,0),0))*25.4,3,TRUE())&" mm"),"")) -> 1/8" · 0.1250 po · 3.175 mm | E54: =IF(IFERROR(MATCH(13,Calcul!$N$60:$N$184,0),0)=0,"",INDEX('Liste outils'!$AB$6:$AB$130,IFERROR(MATCH(13,Calcul!$N$60:$N$184,0),0))&"") -> A-1-K-1 | F54: =IF(IFERROR(MATCH(13,Calcul!$N$60:$N$184,0),0)=0,"",INDEX('Liste outils'!$O$6:$O$130,IFERROR(MATCH(13,Calcul!$N$60:$N$184,0),0))&"") -> 61025002 | G54: =IF(IFERROR(MATCH(13,Calcul!$N$60:$N$184,0),0)=0,"",INDEX('Liste outils'!$AC$6:$AC$130,IFERROR(MATCH(13,Calcul!$N$60:$N$184,0),0))&"") -> Countersink 82º
A55: =IF(IFERROR(MATCH(14,Calcul!$N$60:$N$184,0),0)=0,"",INDEX('Liste outils'!$B$6:$B$130,IFERROR(MATCH(14,Calcul!$N$60:$N$184,0),0))&"") -> EM0050 | B55: =IF(IFERROR(MATCH(14,Calcul!$N$60:$N$184,0),0)=0,"",INDEX('Liste outils'!$C$6:$C$130,IFERROR(MATCH(14,Calcul!$N$60:$N$184,0),0))&"") -> End Mill | C55: =IF(IFERROR(MATCH(14,Calcul!$N$60:$N$184,0),0)=0,"",INDEX('Liste outils'!$J$6:$J$130,IFERROR(MATCH(14,Calcul!$N$60:$N$184,0),0))&"") -> Upcut | D55: =IF(IFERROR(MATCH(14,Calcul!$N$60:$N$184,0),0)=0,"",IF(ISNUMBER(INDEX('Liste outils'!$H$6:$H$130,IFERROR(MATCH(14,Calcul!$N$60:$N$184,0),0))),IF(NOT(ISNUMBER(INDEX('Liste outils'!$H$6:$H$130,IFERROR(MATCH(14,Calcul!$N$60:$N$184,0),0)))),"",IF(NOT(ISNUMBER(INDEX('Liste outils'!$H$6:$H$130,IFERROR(MATCH(14,Calcul!$N$60:$N$184,0),0)))),"",IF(INDEX('Liste outils'!$H$6:$H$130,IFERROR(MATCH(14,Calcul!$N$60:$N$184,0),0))<=0,"",IF(ABS(INDEX('Liste outils'!$H$6:$H$130,IFERROR(MATCH(14,Calcul!$N$60:$N$184,0),0))*64-ROUND(INDEX('Liste outils'!$H$6:$H$130,IFERROR(MATCH(14,Calcul!$N$60:$N$184,0),0))*64,0))>0.0005,"≈ ","")&IF(INT(ROUND(INDEX('Liste outils'!$H$6:$H$130,IFERROR(MATCH(14,Calcul!$N$60:$N$184,0),0))*64,0)/64)>0,INT(ROUND(INDEX('Liste outils'!$H$6:$H$130,IFERROR(MATCH(14,Calcul!$N$60:$N$184,0),0))*64,0)/64)&IF(MOD(ROUND(INDEX('Liste outils'!$H$6:$H$130,IFERROR(MATCH(14,Calcul!$N$60:$N$184,0),0))*64,0),64)>0," ",""),"")&IF(MOD(ROUND(INDEX('Liste outils'!$H$6:$H$130,IFERROR(MATCH(14,Calcul!$N$60:$N$184,0),0))*64,0),64)>0,MOD(ROUND(INDEX('Liste outils'!$H$6:$H$130,IFERROR(MATCH(14,Calcul!$N$60:$N$184,0),0))*64,0),64)/GCD(MOD(ROUND(INDEX('Liste outils'!$H$6:$H$130,IFERROR(MATCH(14,Calcul!$N$60:$N$184,0),0))*64,0),64),64)&"/"&64/GCD(MOD(ROUND(INDEX('Liste outils'!$H$6:$H$130,IFERROR(MATCH(14,Calcul!$N$60:$N$184,0),0))*64,0),64),64),IF(ROUND(INDEX('Liste outils'!$H$6:$H$130,IFERROR(MATCH(14,Calcul!$N$60:$N$184,0),0))*64,0)=0,"0",""))&""""))&" · "&FIXED(INDEX('Liste outils'!$H$6:$H$130,IFERROR(MATCH(14,Calcul!$N$60:$N$184,0),0)),4,TRUE())&" po · "&FIXED(INDEX('Liste outils'!$H$6:$H$130,IFERROR(MATCH(14,Calcul!$N$60:$N$184,0),0))*25.4,3,TRUE())&" mm"),"")) -> 3/4" · 0.7500 po · 19.050 mm | E55: =IF(IFERROR(MATCH(14,Calcul!$N$60:$N$184,0),0)=0,"",INDEX('Liste outils'!$AB$6:$AB$130,IFERROR(MATCH(14,Calcul!$N$60:$N$184,0),0))&"") -> A-1-H-1 | F55: =IF(IFERROR(MATCH(14,Calcul!$N$60:$N$184,0),0)=0,"",INDEX('Liste outils'!$O$6:$O$130,IFERROR(MATCH(14,Calcul!$N$60:$N$184,0),0))&"") -> 86300409 | G55: =IF(IFERROR(MATCH(14,Calcul!$N$60:$N$184,0),0)=0,"",INDEX('Liste outils'!$AC$6:$AC$130,IFERROR(MATCH(14,Calcul!$N$60:$N$184,0),0))&"")
A56: =IF(IFERROR(MATCH(15,Calcul!$N$60:$N$184,0),0)=0,"",INDEX('Liste outils'!$B$6:$B$130,IFERROR(MATCH(15,Calcul!$N$60:$N$184,0),0))&"") | B56: =IF(IFERROR(MATCH(15,Calcul!$N$60:$N$184,0),0)=0,"",INDEX('Liste outils'!$C$6:$C$130,IFERROR(MATCH(15,Calcul!$N$60:$N$184,0),0))&"") | C56: =IF(IFERROR(MATCH(15,Calcul!$N$60:$N$184,0),0)=0,"",INDEX('Liste outils'!$J$6:$J$130,IFERROR(MATCH(15,Calcul!$N$60:$N$184,0),0))&"") | D56: =IF(IFERROR(MATCH(15,Calcul!$N$60:$N$184,0),0)=0,"",IF(ISNUMBER(INDEX('Liste outils'!$H$6:$H$130,IFERROR(MATCH(15,Calcul!$N$60:$N$184,0),0))),IF(NOT(ISNUMBER(INDEX('Liste outils'!$H$6:$H$130,IFERROR(MATCH(15,Calcul!$N$60:$N$184,0),0)))),"",IF(NOT(ISNUMBER(INDEX('Liste outils'!$H$6:$H$130,IFERROR(MATCH(15,Calcul!$N$60:$N$184,0),0)))),"",IF(INDEX('Liste outils'!$H$6:$H$130,IFERROR(MATCH(15,Calcul!$N$60:$N$184,0),0))<=0,"",IF(ABS(INDEX('Liste outils'!$H$6:$H$130,IFERROR(MATCH(15,Calcul!$N$60:$N$184,0),0))*64-ROUND(INDEX('Liste outils'!$H$6:$H$130,IFERROR(MATCH(15,Calcul!$N$60:$N$184,0),0))*64,0))>0.0005,"≈ ","")&IF(INT(ROUND(INDEX('Liste outils'!$H$6:$H$130,IFERROR(MATCH(15,Calcul!$N$60:$N$184,0),0))*64,0)/64)>0,INT(ROUND(INDEX('Liste outils'!$H$6:$H$130,IFERROR(MATCH(15,Calcul!$N$60:$N$184,0),0))*64,0)/64)&IF(MOD(ROUND(INDEX('Liste outils'!$H$6:$H$130,IFERROR(MATCH(15,Calcul!$N$60:$N$184,0),0))*64,0),64)>0," ",""),"")&IF(MOD(ROUND(INDEX('Liste outils'!$H$6:$H$130,IFERROR(MATCH(15,Calcul!$N$60:$N$184,0),0))*64,0),64)>0,MOD(ROUND(INDEX('Liste outils'!$H$6:$H$130,IFERROR(MATCH(15,Calcul!$N$60:$N$184,0),0))*64,0),64)/GCD(MOD(ROUND(INDEX('Liste outils'!$H$6:$H$130,IFERROR(MATCH(15,Calcul!$N$60:$N$184,0),0))*64,0),64),64)&"/"&64/GCD(MOD(ROUND(INDEX('Liste outils'!$H$6:$H$130,IFERROR(MATCH(15,Calcul!$N$60:$N$184,0),0))*64,0),64),64),IF(ROUND(INDEX('Liste outils'!$H$6:$H$130,IFERROR(MATCH(15,Calcul!$N$60:$N$184,0),0))*64,0)=0,"0",""))&""""))&" · "&FIXED(INDEX('Liste outils'!$H$6:$H$130,IFERROR(MATCH(15,Calcul!$N$60:$N$184,0),0)),4,TRUE())&" po · "&FIXED(INDEX('Liste outils'!$H$6:$H$130,IFERROR(MATCH(15,Calcul!$N$60:$N$184,0),0))*25.4,3,TRUE())&" mm"),"")) | E56: =IF(IFERROR(MATCH(15,Calcul!$N$60:$N$184,0),0)=0,"",INDEX('Liste outils'!$AB$6:$AB$130,IFERROR(MATCH(15,Calcul!$N$60:$N$184,0),0))&"") | F56: =IF(IFERROR(MATCH(15,Calcul!$N$60:$N$184,0),0)=0,"",INDEX('Liste outils'!$O$6:$O$130,IFERROR(MATCH(15,Calcul!$N$60:$N$184,0),0))&"") | G56: =IF(IFERROR(MATCH(15,Calcul!$N$60:$N$184,0),0)=0,"",INDEX('Liste outils'!$AC$6:$AC$130,IFERROR(MATCH(15,Calcul!$N$60:$N$184,0),0))&"")
A57: =IF(IFERROR(MATCH(16,Calcul!$N$60:$N$184,0),0)=0,"",INDEX('Liste outils'!$B$6:$B$130,IFERROR(MATCH(16,Calcul!$N$60:$N$184,0),0))&"") | B57: =IF(IFERROR(MATCH(16,Calcul!$N$60:$N$184,0),0)=0,"",INDEX('Liste outils'!$C$6:$C$130,IFERROR(MATCH(16,Calcul!$N$60:$N$184,0),0))&"") | C57: =IF(IFERROR(MATCH(16,Calcul!$N$60:$N$184,0),0)=0,"",INDEX('Liste outils'!$J$6:$J$130,IFERROR(MATCH(16,Calcul!$N$60:$N$184,0),0))&"") | D57: =IF(IFERROR(MATCH(16,Calcul!$N$60:$N$184,0),0)=0,"",IF(ISNUMBER(INDEX('Liste outils'!$H$6:$H$130,IFERROR(MATCH(16,Calcul!$N$60:$N$184,0),0))),IF(NOT(ISNUMBER(INDEX('Liste outils'!$H$6:$H$130,IFERROR(MATCH(16,Calcul!$N$60:$N$184,0),0)))),"",IF(NOT(ISNUMBER(INDEX('Liste outils'!$H$6:$H$130,IFERROR(MATCH(16,Calcul!$N$60:$N$184,0),0)))),"",IF(INDEX('Liste outils'!$H$6:$H$130,IFERROR(MATCH(16,Calcul!$N$60:$N$184,0),0))<=0,"",IF(ABS(INDEX('Liste outils'!$H$6:$H$130,IFERROR(MATCH(16,Calcul!$N$60:$N$184,0),0))*64-ROUND(INDEX('Liste outils'!$H$6:$H$130,IFERROR(MATCH(16,Calcul!$N$60:$N$184,0),0))*64,0))>0.0005,"≈ ","")&IF(INT(ROUND(INDEX('Liste outils'!$H$6:$H$130,IFERROR(MATCH(16,Calcul!$N$60:$N$184,0),0))*64,0)/64)>0,INT(ROUND(INDEX('Liste outils'!$H$6:$H$130,IFERROR(MATCH(16,Calcul!$N$60:$N$184,0),0))*64,0)/64)&IF(MOD(ROUND(INDEX('Liste outils'!$H$6:$H$130,IFERROR(MATCH(16,Calcul!$N$60:$N$184,0),0))*64,0),64)>0," ",""),"")&IF(MOD(ROUND(INDEX('Liste outils'!$H$6:$H$130,IFERROR(MATCH(16,Calcul!$N$60:$N$184,0),0))*64,0),64)>0,MOD(ROUND(INDEX('Liste outils'!$H$6:$H$130,IFERROR(MATCH(16,Calcul!$N$60:$N$184,0),0))*64,0),64)/GCD(MOD(ROUND(INDEX('Liste outils'!$H$6:$H$130,IFERROR(MATCH(16,Calcul!$N$60:$N$184,0),0))*64,0),64),64)&"/"&64/GCD(MOD(ROUND(INDEX('Liste outils'!$H$6:$H$130,IFERROR(MATCH(16,Calcul!$N$60:$N$184,0),0))*64,0),64),64),IF(ROUND(INDEX('Liste outils'!$H$6:$H$130,IFERROR(MATCH(16,Calcul!$N$60:$N$184,0),0))*64,0)=0,"0",""))&""""))&" · "&FIXED(INDEX('Liste outils'!$H$6:$H$130,IFERROR(MATCH(16,Calcul!$N$60:$N$184,0),0)),4,TRUE())&" po · "&FIXED(INDEX('Liste outils'!$H$6:$H$130,IFERROR(MATCH(16,Calcul!$N$60:$N$184,0),0))*25.4,3,TRUE())&" mm"),"")) | E57: =IF(IFERROR(MATCH(16,Calcul!$N$60:$N$184,0),0)=0,"",INDEX('Liste outils'!$AB$6:$AB$130,IFERROR(MATCH(16,Calcul!$N$60:$N$184,0),0))&"") | F57: =IF(IFERROR(MATCH(16,Calcul!$N$60:$N$184,0),0)=0,"",INDEX('Liste outils'!$O$6:$O$130,IFERROR(MATCH(16,Calcul!$N$60:$N$184,0),0))&"") | G57: =IF(IFERROR(MATCH(16,Calcul!$N$60:$N$184,0),0)=0,"",INDEX('Liste outils'!$AC$6:$AC$130,IFERROR(MATCH(16,Calcul!$N$60:$N$184,0),0))&"")
A59: ="Outils de ta liste pour "&IF(C16<=0,"—",B16)&" ("&A16&")" -> Outils de ta liste pour 3/16" (2 crans en dessous)
A60: =IF(C16<=0,"",COUNT(Calcul!$O$60:$O$184)&" outil(s) de ce diamètre") -> 4 outil(s) de ce diamètre
A61: N° | B61: Type | C61: Direction | D61: LOC | E61: Emplacement | F61: N° fabricant | G61: Note
A62: =IF(IFERROR(MATCH(1,Calcul!$O$60:$O$184,0),0)=0,"",INDEX('Liste outils'!$B$6:$B$130,IFERROR(MATCH(1,Calcul!$O$60:$O$184,0),0))&"") -> EM0006 | B62: =IF(IFERROR(MATCH(1,Calcul!$O$60:$O$184,0),0)=0,"",INDEX('Liste outils'!$C$6:$C$130,IFERROR(MATCH(1,Calcul!$O$60:$O$184,0),0))&"") -> End Mill | C62: =IF(IFERROR(MATCH(1,Calcul!$O$60:$O$184,0),0)=0,"",INDEX('Liste outils'!$J$6:$J$130,IFERROR(MATCH(1,Calcul!$O$60:$O$184,0),0))&"") -> Upcut | D62: =IF(IFERROR(MATCH(1,Calcul!$O$60:$O$184,0),0)=0,"",IF(ISNUMBER(INDEX('Liste outils'!$H$6:$H$130,IFERROR(MATCH(1,Calcul!$O$60:$O$184,0),0))),IF(NOT(ISNUMBER(INDEX('Liste outils'!$H$6:$H$130,IFERROR(MATCH(1,Calcul!$O$60:$O$184,0),0)))),"",IF(NOT(ISNUMBER(INDEX('Liste outils'!$H$6:$H$130,IFERROR(MATCH(1,Calcul!$O$60:$O$184,0),0)))),"",IF(INDEX('Liste outils'!$H$6:$H$130,IFERROR(MATCH(1,Calcul!$O$60:$O$184,0),0))<=0,"",IF(ABS(INDEX('Liste outils'!$H$6:$H$130,IFERROR(MATCH(1,Calcul!$O$60:$O$184,0),0))*64-ROUND(INDEX('Liste outils'!$H$6:$H$130,IFERROR(MATCH(1,Calcul!$O$60:$O$184,0),0))*64,0))>0.0005,"≈ ","")&IF(INT(ROUND(INDEX('Liste outils'!$H$6:$H$130,IFERROR(MATCH(1,Calcul!$O$60:$O$184,0),0))*64,0)/64)>0,INT(ROUND(INDEX('Liste outils'!$H$6:$H$130,IFERROR(MATCH(1,Calcul!$O$60:$O$184,0),0))*64,0)/64)&IF(MOD(ROUND(INDEX('Liste outils'!$H$6:$H$130,IFERROR(MATCH(1,Calcul!$O$60:$O$184,0),0))*64,0),64)>0," ",""),"")&IF(MOD(ROUND(INDEX('Liste outils'!$H$6:$H$130,IFERROR(MATCH(1,Calcul!$O$60:$O$184,0),0))*64,0),64)>0,MOD(ROUND(INDEX('Liste outils'!$H$6:$H$130,IFERROR(MATCH(1,Calcul!$O$60:$O$184,0),0))*64,0),64)/GCD(MOD(ROUND(INDEX('Liste outils'!$H$6:$H$130,IFERROR(MATCH(1,Calcul!$O$60:$O$184,0),0))*64,0),64),64)&"/"&64/GCD(MOD(ROUND(INDEX('Liste outils'!$H$6:$H$130,IFERROR(MATCH(1,Calcul!$O$60:$O$184,0),0))*64,0),64),64),IF(ROUND(INDEX('Liste outils'!$H$6:$H$130,IFERROR(MATCH(1,Calcul!$O$60:$O$184,0),0))*64,0)=0,"0",""))&""""))&" · "&FIXED(INDEX('Liste outils'!$H$6:$H$130,IFERROR(MATCH(1,Calcul!$O$60:$O$184,0),0)),4,TRUE())&" po · "&FIXED(INDEX('Liste outils'!$H$6:$H$130,IFERROR(MATCH(1,Calcul!$O$60:$O$184,0),0))*25.4,3,TRUE())&" mm"),"")) -> 3/8" · 0.3750 po · 9.525 mm | E62: =IF(IFERROR(MATCH(1,Calcul!$O$60:$O$184,0),0)=0,"",INDEX('Liste outils'!$AB$6:$AB$130,IFERROR(MATCH(1,Calcul!$O$60:$O$184,0),0))&"") -> A-1-B-1 | F62: =IF(IFERROR(MATCH(1,Calcul!$O$60:$O$184,0),0)=0,"",INDEX('Liste outils'!$O$6:$O$130,IFERROR(MATCH(1,Calcul!$O$60:$O$184,0),0))&"") -> 63-717 | G62: =IF(IFERROR(MATCH(1,Calcul!$O$60:$O$184,0),0)=0,"",INDEX('Liste outils'!$AC$6:$AC$130,IFERROR(MATCH(1,Calcul!$O$60:$O$184,0),0))&"")
A63: =IF(IFERROR(MATCH(2,Calcul!$O$60:$O$184,0),0)=0,"",INDEX('Liste outils'!$B$6:$B$130,IFERROR(MATCH(2,Calcul!$O$60:$O$184,0),0))&"") -> EM0007 | B63: =IF(IFERROR(MATCH(2,Calcul!$O$60:$O$184,0),0)=0,"",INDEX('Liste outils'!$C$6:$C$130,IFERROR(MATCH(2,Calcul!$O$60:$O$184,0),0))&"") -> End Mill | C63: =IF(IFERROR(MATCH(2,Calcul!$O$60:$O$184,0),0)=0,"",INDEX('Liste outils'!$J$6:$J$130,IFERROR(MATCH(2,Calcul!$O$60:$O$184,0),0))&"") -> Upcut | D63: =IF(IFERROR(MATCH(2,Calcul!$O$60:$O$184,0),0)=0,"",IF(ISNUMBER(INDEX('Liste outils'!$H$6:$H$130,IFERROR(MATCH(2,Calcul!$O$60:$O$184,0),0))),IF(NOT(ISNUMBER(INDEX('Liste outils'!$H$6:$H$130,IFERROR(MATCH(2,Calcul!$O$60:$O$184,0),0)))),"",IF(NOT(ISNUMBER(INDEX('Liste outils'!$H$6:$H$130,IFERROR(MATCH(2,Calcul!$O$60:$O$184,0),0)))),"",IF(INDEX('Liste outils'!$H$6:$H$130,IFERROR(MATCH(2,Calcul!$O$60:$O$184,0),0))<=0,"",IF(ABS(INDEX('Liste outils'!$H$6:$H$130,IFERROR(MATCH(2,Calcul!$O$60:$O$184,0),0))*64-ROUND(INDEX('Liste outils'!$H$6:$H$130,IFERROR(MATCH(2,Calcul!$O$60:$O$184,0),0))*64,0))>0.0005,"≈ ","")&IF(INT(ROUND(INDEX('Liste outils'!$H$6:$H$130,IFERROR(MATCH(2,Calcul!$O$60:$O$184,0),0))*64,0)/64)>0,INT(ROUND(INDEX('Liste outils'!$H$6:$H$130,IFERROR(MATCH(2,Calcul!$O$60:$O$184,0),0))*64,0)/64)&IF(MOD(ROUND(INDEX('Liste outils'!$H$6:$H$130,IFERROR(MATCH(2,Calcul!$O$60:$O$184,0),0))*64,0),64)>0," ",""),"")&IF(MOD(ROUND(INDEX('Liste outils'!$H$6:$H$130,IFERROR(MATCH(2,Calcul!$O$60:$O$184,0),0))*64,0),64)>0,MOD(ROUND(INDEX('Liste outils'!$H$6:$H$130,IFERROR(MATCH(2,Calcul!$O$60:$O$184,0),0))*64,0),64)/GCD(MOD(ROUND(INDEX('Liste outils'!$H$6:$H$130,IFERROR(MATCH(2,Calcul!$O$60:$O$184,0),0))*64,0),64),64)&"/"&64/GCD(MOD(ROUND(INDEX('Liste outils'!$H$6:$H$130,IFERROR(MATCH(2,Calcul!$O$60:$O$184,0),0))*64,0),64),64),IF(ROUND(INDEX('Liste outils'!$H$6:$H$130,IFERROR(MATCH(2,Calcul!$O$60:$O$184,0),0))*64,0)=0,"0",""))&""""))&" · "&FIXED(INDEX('Liste outils'!$H$6:$H$130,IFERROR(MATCH(2,Calcul!$O$60:$O$184,0),0)),4,TRUE())&" po · "&FIXED(INDEX('Liste outils'!$H$6:$H$130,IFERROR(MATCH(2,Calcul!$O$60:$O$184,0),0))*25.4,3,TRUE())&" mm"),"")) -> 3/8" · 0.3750 po · 9.525 mm | E63: =IF(IFERROR(MATCH(2,Calcul!$O$60:$O$184,0),0)=0,"",INDEX('Liste outils'!$AB$6:$AB$130,IFERROR(MATCH(2,Calcul!$O$60:$O$184,0),0))&"") -> A-1-B-2 | F63: =IF(IFERROR(MATCH(2,Calcul!$O$60:$O$184,0),0)=0,"",INDEX('Liste outils'!$O$6:$O$130,IFERROR(MATCH(2,Calcul!$O$60:$O$184,0),0))&"") -> 63-767 | G63: =IF(IFERROR(MATCH(2,Calcul!$O$60:$O$184,0),0)=0,"",INDEX('Liste outils'!$AC$6:$AC$130,IFERROR(MATCH(2,Calcul!$O$60:$O$184,0),0))&"")
A64: =IF(IFERROR(MATCH(3,Calcul!$O$60:$O$184,0),0)=0,"",INDEX('Liste outils'!$B$6:$B$130,IFERROR(MATCH(3,Calcul!$O$60:$O$184,0),0))&"") -> EM0009 | B64: =IF(IFERROR(MATCH(3,Calcul!$O$60:$O$184,0),0)=0,"",INDEX('Liste outils'!$C$6:$C$130,IFERROR(MATCH(3,Calcul!$O$60:$O$184,0),0))&"") -> End Mill | C64: =IF(IFERROR(MATCH(3,Calcul!$O$60:$O$184,0),0)=0,"",INDEX('Liste outils'!$J$6:$J$130,IFERROR(MATCH(3,Calcul!$O$60:$O$184,0),0))&"") -> Downcut | D64: =IF(IFERROR(MATCH(3,Calcul!$O$60:$O$184,0),0)=0,"",IF(ISNUMBER(INDEX('Liste outils'!$H$6:$H$130,IFERROR(MATCH(3,Calcul!$O$60:$O$184,0),0))),IF(NOT(ISNUMBER(INDEX('Liste outils'!$H$6:$H$130,IFERROR(MATCH(3,Calcul!$O$60:$O$184,0),0)))),"",IF(NOT(ISNUMBER(INDEX('Liste outils'!$H$6:$H$130,IFERROR(MATCH(3,Calcul!$O$60:$O$184,0),0)))),"",IF(INDEX('Liste outils'!$H$6:$H$130,IFERROR(MATCH(3,Calcul!$O$60:$O$184,0),0))<=0,"",IF(ABS(INDEX('Liste outils'!$H$6:$H$130,IFERROR(MATCH(3,Calcul!$O$60:$O$184,0),0))*64-ROUND(INDEX('Liste outils'!$H$6:$H$130,IFERROR(MATCH(3,Calcul!$O$60:$O$184,0),0))*64,0))>0.0005,"≈ ","")&IF(INT(ROUND(INDEX('Liste outils'!$H$6:$H$130,IFERROR(MATCH(3,Calcul!$O$60:$O$184,0),0))*64,0)/64)>0,INT(ROUND(INDEX('Liste outils'!$H$6:$H$130,IFERROR(MATCH(3,Calcul!$O$60:$O$184,0),0))*64,0)/64)&IF(MOD(ROUND(INDEX('Liste outils'!$H$6:$H$130,IFERROR(MATCH(3,Calcul!$O$60:$O$184,0),0))*64,0),64)>0," ",""),"")&IF(MOD(ROUND(INDEX('Liste outils'!$H$6:$H$130,IFERROR(MATCH(3,Calcul!$O$60:$O$184,0),0))*64,0),64)>0,MOD(ROUND(INDEX('Liste outils'!$H$6:$H$130,IFERROR(MATCH(3,Calcul!$O$60:$O$184,0),0))*64,0),64)/GCD(MOD(ROUND(INDEX('Liste outils'!$H$6:$H$130,IFERROR(MATCH(3,Calcul!$O$60:$O$184,0),0))*64,0),64),64)&"/"&64/GCD(MOD(ROUND(INDEX('Liste outils'!$H$6:$H$130,IFERROR(MATCH(3,Calcul!$O$60:$O$184,0),0))*64,0),64),64),IF(ROUND(INDEX('Liste outils'!$H$6:$H$130,IFERROR(MATCH(3,Calcul!$O$60:$O$184,0),0))*64,0)=0,"0",""))&""""))&" · "&FIXED(INDEX('Liste outils'!$H$6:$H$130,IFERROR(MATCH(3,Calcul!$O$60:$O$184,0),0)),4,TRUE())&" po · "&FIXED(INDEX('Liste outils'!$H$6:$H$130,IFERROR(MATCH(3,Calcul!$O$60:$O$184,0),0))*25.4,3,TRUE())&" mm"),"")) -> 5/8" · 0.6250 po · 15.875 mm | E64: =IF(IFERROR(MATCH(3,Calcul!$O$60:$O$184,0),0)=0,"",INDEX('Liste outils'!$AB$6:$AB$130,IFERROR(MATCH(3,Calcul!$O$60:$O$184,0),0))&"") -> A-1-B-4 | F64: =IF(IFERROR(MATCH(3,Calcul!$O$60:$O$184,0),0)=0,"",INDEX('Liste outils'!$O$6:$O$130,IFERROR(MATCH(3,Calcul!$O$60:$O$184,0),0))&"") -> 62-718 | G64: =IF(IFERROR(MATCH(3,Calcul!$O$60:$O$184,0),0)=0,"",INDEX('Liste outils'!$AC$6:$AC$130,IFERROR(MATCH(3,Calcul!$O$60:$O$184,0),0))&"")
A65: =IF(IFERROR(MATCH(4,Calcul!$O$60:$O$184,0),0)=0,"",INDEX('Liste outils'!$B$6:$B$130,IFERROR(MATCH(4,Calcul!$O$60:$O$184,0),0))&"") -> EM0049 | B65: =IF(IFERROR(MATCH(4,Calcul!$O$60:$O$184,0),0)=0,"",INDEX('Liste outils'!$C$6:$C$130,IFERROR(MATCH(4,Calcul!$O$60:$O$184,0),0))&"") -> End Mill | C65: =IF(IFERROR(MATCH(4,Calcul!$O$60:$O$184,0),0)=0,"",INDEX('Liste outils'!$J$6:$J$130,IFERROR(MATCH(4,Calcul!$O$60:$O$184,0),0))&"") -> Upcut | D65: =IF(IFERROR(MATCH(4,Calcul!$O$60:$O$184,0),0)=0,"",IF(ISNUMBER(INDEX('Liste outils'!$H$6:$H$130,IFERROR(MATCH(4,Calcul!$O$60:$O$184,0),0))),IF(NOT(ISNUMBER(INDEX('Liste outils'!$H$6:$H$130,IFERROR(MATCH(4,Calcul!$O$60:$O$184,0),0)))),"",IF(NOT(ISNUMBER(INDEX('Liste outils'!$H$6:$H$130,IFERROR(MATCH(4,Calcul!$O$60:$O$184,0),0)))),"",IF(INDEX('Liste outils'!$H$6:$H$130,IFERROR(MATCH(4,Calcul!$O$60:$O$184,0),0))<=0,"",IF(ABS(INDEX('Liste outils'!$H$6:$H$130,IFERROR(MATCH(4,Calcul!$O$60:$O$184,0),0))*64-ROUND(INDEX('Liste outils'!$H$6:$H$130,IFERROR(MATCH(4,Calcul!$O$60:$O$184,0),0))*64,0))>0.0005,"≈ ","")&IF(INT(ROUND(INDEX('Liste outils'!$H$6:$H$130,IFERROR(MATCH(4,Calcul!$O$60:$O$184,0),0))*64,0)/64)>0,INT(ROUND(INDEX('Liste outils'!$H$6:$H$130,IFERROR(MATCH(4,Calcul!$O$60:$O$184,0),0))*64,0)/64)&IF(MOD(ROUND(INDEX('Liste outils'!$H$6:$H$130,IFERROR(MATCH(4,Calcul!$O$60:$O$184,0),0))*64,0),64)>0," ",""),"")&IF(MOD(ROUND(INDEX('Liste outils'!$H$6:$H$130,IFERROR(MATCH(4,Calcul!$O$60:$O$184,0),0))*64,0),64)>0,MOD(ROUND(INDEX('Liste outils'!$H$6:$H$130,IFERROR(MATCH(4,Calcul!$O$60:$O$184,0),0))*64,0),64)/GCD(MOD(ROUND(INDEX('Liste outils'!$H$6:$H$130,IFERROR(MATCH(4,Calcul!$O$60:$O$184,0),0))*64,0),64),64)&"/"&64/GCD(MOD(ROUND(INDEX('Liste outils'!$H$6:$H$130,IFERROR(MATCH(4,Calcul!$O$60:$O$184,0),0))*64,0),64),64),IF(ROUND(INDEX('Liste outils'!$H$6:$H$130,IFERROR(MATCH(4,Calcul!$O$60:$O$184,0),0))*64,0)=0,"0",""))&""""))&" · "&FIXED(INDEX('Liste outils'!$H$6:$H$130,IFERROR(MATCH(4,Calcul!$O$60:$O$184,0),0)),4,TRUE())&" po · "&FIXED(INDEX('Liste outils'!$H$6:$H$130,IFERROR(MATCH(4,Calcul!$O$60:$O$184,0),0))*25.4,3,TRUE())&" mm"),"")) -> 1 1/4" · 1.2500 po · 31.750 mm | E65: =IF(IFERROR(MATCH(4,Calcul!$O$60:$O$184,0),0)=0,"",INDEX('Liste outils'!$AB$6:$AB$130,IFERROR(MATCH(4,Calcul!$O$60:$O$184,0),0))&"") -> A-1-B-4 | F65: =IF(IFERROR(MATCH(4,Calcul!$O$60:$O$184,0),0)=0,"",INDEX('Liste outils'!$O$6:$O$130,IFERROR(MATCH(4,Calcul!$O$60:$O$184,0),0))&"") -> 65-020 | G65: =IF(IFERROR(MATCH(4,Calcul!$O$60:$O$184,0),0)=0,"",INDEX('Liste outils'!$AC$6:$AC$130,IFERROR(MATCH(4,Calcul!$O$60:$O$184,0),0))&"") -> Long LOC
A66: =IF(IFERROR(MATCH(5,Calcul!$O$60:$O$184,0),0)=0,"",INDEX('Liste outils'!$B$6:$B$130,IFERROR(MATCH(5,Calcul!$O$60:$O$184,0),0))&"") | B66: =IF(IFERROR(MATCH(5,Calcul!$O$60:$O$184,0),0)=0,"",INDEX('Liste outils'!$C$6:$C$130,IFERROR(MATCH(5,Calcul!$O$60:$O$184,0),0))&"") | C66: =IF(IFERROR(MATCH(5,Calcul!$O$60:$O$184,0),0)=0,"",INDEX('Liste outils'!$J$6:$J$130,IFERROR(MATCH(5,Calcul!$O$60:$O$184,0),0))&"") | D66: =IF(IFERROR(MATCH(5,Calcul!$O$60:$O$184,0),0)=0,"",IF(ISNUMBER(INDEX('Liste outils'!$H$6:$H$130,IFERROR(MATCH(5,Calcul!$O$60:$O$184,0),0))),IF(NOT(ISNUMBER(INDEX('Liste outils'!$H$6:$H$130,IFERROR(MATCH(5,Calcul!$O$60:$O$184,0),0)))),"",IF(NOT(ISNUMBER(INDEX('Liste outils'!$H$6:$H$130,IFERROR(MATCH(5,Calcul!$O$60:$O$184,0),0)))),"",IF(INDEX('Liste outils'!$H$6:$H$130,IFERROR(MATCH(5,Calcul!$O$60:$O$184,0),0))<=0,"",IF(ABS(INDEX('Liste outils'!$H$6:$H$130,IFERROR(MATCH(5,Calcul!$O$60:$O$184,0),0))*64-ROUND(INDEX('Liste outils'!$H$6:$H$130,IFERROR(MATCH(5,Calcul!$O$60:$O$184,0),0))*64,0))>0.0005,"≈ ","")&IF(INT(ROUND(INDEX('Liste outils'!$H$6:$H$130,IFERROR(MATCH(5,Calcul!$O$60:$O$184,0),0))*64,0)/64)>0,INT(ROUND(INDEX('Liste outils'!$H$6:$H$130,IFERROR(MATCH(5,Calcul!$O$60:$O$184,0),0))*64,0)/64)&IF(MOD(ROUND(INDEX('Liste outils'!$H$6:$H$130,IFERROR(MATCH(5,Calcul!$O$60:$O$184,0),0))*64,0),64)>0," ",""),"")&IF(MOD(ROUND(INDEX('Liste outils'!$H$6:$H$130,IFERROR(MATCH(5,Calcul!$O$60:$O$184,0),0))*64,0),64)>0,MOD(ROUND(INDEX('Liste outils'!$H$6:$H$130,IFERROR(MATCH(5,Calcul!$O$60:$O$184,0),0))*64,0),64)/GCD(MOD(ROUND(INDEX('Liste outils'!$H$6:$H$130,IFERROR(MATCH(5,Calcul!$O$60:$O$184,0),0))*64,0),64),64)&"/"&64/GCD(MOD(ROUND(INDEX('Liste outils'!$H$6:$H$130,IFERROR(MATCH(5,Calcul!$O$60:$O$184,0),0))*64,0),64),64),IF(ROUND(INDEX('Liste outils'!$H$6:$H$130,IFERROR(MATCH(5,Calcul!$O$60:$O$184,0),0))*64,0)=0,"0",""))&""""))&" · "&FIXED(INDEX('Liste outils'!$H$6:$H$130,IFERROR(MATCH(5,Calcul!$O$60:$O$184,0),0)),4,TRUE())&" po · "&FIXED(INDEX('Liste outils'!$H$6:$H$130,IFERROR(MATCH(5,Calcul!$O$60:$O$184,0),0))*25.4,3,TRUE())&" mm"),"")) | E66: =IF(IFERROR(MATCH(5,Calcul!$O$60:$O$184,0),0)=0,"",INDEX('Liste outils'!$AB$6:$AB$130,IFERROR(MATCH(5,Calcul!$O$60:$O$184,0),0))&"") | F66: =IF(IFERROR(MATCH(5,Calcul!$O$60:$O$184,0),0)=0,"",INDEX('Liste outils'!$O$6:$O$130,IFERROR(MATCH(5,Calcul!$O$60:$O$184,0),0))&"") | G66: =IF(IFERROR(MATCH(5,Calcul!$O$60:$O$184,0),0)=0,"",INDEX('Liste outils'!$AC$6:$AC$130,IFERROR(MATCH(5,Calcul!$O$60:$O$184,0),0))&"")
A67: =IF(IFERROR(MATCH(6,Calcul!$O$60:$O$184,0),0)=0,"",INDEX('Liste outils'!$B$6:$B$130,IFERROR(MATCH(6,Calcul!$O$60:$O$184,0),0))&"") | B67: =IF(IFERROR(MATCH(6,Calcul!$O$60:$O$184,0),0)=0,"",INDEX('Liste outils'!$C$6:$C$130,IFERROR(MATCH(6,Calcul!$O$60:$O$184,0),0))&"") | C67: =IF(IFERROR(MATCH(6,Calcul!$O$60:$O$184,0),0)=0,"",INDEX('Liste outils'!$J$6:$J$130,IFERROR(MATCH(6,Calcul!$O$60:$O$184,0),0))&"") | D67: =IF(IFERROR(MATCH(6,Calcul!$O$60:$O$184,0),0)=0,"",IF(ISNUMBER(INDEX('Liste outils'!$H$6:$H$130,IFERROR(MATCH(6,Calcul!$O$60:$O$184,0),0))),IF(NOT(ISNUMBER(INDEX('Liste outils'!$H$6:$H$130,IFERROR(MATCH(6,Calcul!$O$60:$O$184,0),0)))),"",IF(NOT(ISNUMBER(INDEX('Liste outils'!$H$6:$H$130,IFERROR(MATCH(6,Calcul!$O$60:$O$184,0),0)))),"",IF(INDEX('Liste outils'!$H$6:$H$130,IFERROR(MATCH(6,Calcul!$O$60:$O$184,0),0))<=0,"",IF(ABS(INDEX('Liste outils'!$H$6:$H$130,IFERROR(MATCH(6,Calcul!$O$60:$O$184,0),0))*64-ROUND(INDEX('Liste outils'!$H$6:$H$130,IFERROR(MATCH(6,Calcul!$O$60:$O$184,0),0))*64,0))>0.0005,"≈ ","")&IF(INT(ROUND(INDEX('Liste outils'!$H$6:$H$130,IFERROR(MATCH(6,Calcul!$O$60:$O$184,0),0))*64,0)/64)>0,INT(ROUND(INDEX('Liste outils'!$H$6:$H$130,IFERROR(MATCH(6,Calcul!$O$60:$O$184,0),0))*64,0)/64)&IF(MOD(ROUND(INDEX('Liste outils'!$H$6:$H$130,IFERROR(MATCH(6,Calcul!$O$60:$O$184,0),0))*64,0),64)>0," ",""),"")&IF(MOD(ROUND(INDEX('Liste outils'!$H$6:$H$130,IFERROR(MATCH(6,Calcul!$O$60:$O$184,0),0))*64,0),64)>0,MOD(ROUND(INDEX('Liste outils'!$H$6:$H$130,IFERROR(MATCH(6,Calcul!$O$60:$O$184,0),0))*64,0),64)/GCD(MOD(ROUND(INDEX('Liste outils'!$H$6:$H$130,IFERROR(MATCH(6,Calcul!$O$60:$O$184,0),0))*64,0),64),64)&"/"&64/GCD(MOD(ROUND(INDEX('Liste outils'!$H$6:$H$130,IFERROR(MATCH(6,Calcul!$O$60:$O$184,0),0))*64,0),64),64),IF(ROUND(INDEX('Liste outils'!$H$6:$H$130,IFERROR(MATCH(6,Calcul!$O$60:$O$184,0),0))*64,0)=0,"0",""))&""""))&" · "&FIXED(INDEX('Liste outils'!$H$6:$H$130,IFERROR(MATCH(6,Calcul!$O$60:$O$184,0),0)),4,TRUE())&" po · "&FIXED(INDEX('Liste outils'!$H$6:$H$130,IFERROR(MATCH(6,Calcul!$O$60:$O$184,0),0))*25.4,3,TRUE())&" mm"),"")) | E67: =IF(IFERROR(MATCH(6,Calcul!$O$60:$O$184,0),0)=0,"",INDEX('Liste outils'!$AB$6:$AB$130,IFERROR(MATCH(6,Calcul!$O$60:$O$184,0),0))&"") | F67: =IF(IFERROR(MATCH(6,Calcul!$O$60:$O$184,0),0)=0,"",INDEX('Liste outils'!$O$6:$O$130,IFERROR(MATCH(6,Calcul!$O$60:$O$184,0),0))&"") | G67: =IF(IFERROR(MATCH(6,Calcul!$O$60:$O$184,0),0)=0,"",INDEX('Liste outils'!$AC$6:$AC$130,IFERROR(MATCH(6,Calcul!$O$60:$O$184,0),0))&"")
A68: =IF(IFERROR(MATCH(7,Calcul!$O$60:$O$184,0),0)=0,"",INDEX('Liste outils'!$B$6:$B$130,IFERROR(MATCH(7,Calcul!$O$60:$O$184,0),0))&"") | B68: =IF(IFERROR(MATCH(7,Calcul!$O$60:$O$184,0),0)=0,"",INDEX('Liste outils'!$C$6:$C$130,IFERROR(MATCH(7,Calcul!$O$60:$O$184,0),0))&"") | C68: =IF(IFERROR(MATCH(7,Calcul!$O$60:$O$184,0),0)=0,"",INDEX('Liste outils'!$J$6:$J$130,IFERROR(MATCH(7,Calcul!$O$60:$O$184,0),0))&"") | D68: =IF(IFERROR(MATCH(7,Calcul!$O$60:$O$184,0),0)=0,"",IF(ISNUMBER(INDEX('Liste outils'!$H$6:$H$130,IFERROR(MATCH(7,Calcul!$O$60:$O$184,0),0))),IF(NOT(ISNUMBER(INDEX('Liste outils'!$H$6:$H$130,IFERROR(MATCH(7,Calcul!$O$60:$O$184,0),0)))),"",IF(NOT(ISNUMBER(INDEX('Liste outils'!$H$6:$H$130,IFERROR(MATCH(7,Calcul!$O$60:$O$184,0),0)))),"",IF(INDEX('Liste outils'!$H$6:$H$130,IFERROR(MATCH(7,Calcul!$O$60:$O$184,0),0))<=0,"",IF(ABS(INDEX('Liste outils'!$H$6:$H$130,IFERROR(MATCH(7,Calcul!$O$60:$O$184,0),0))*64-ROUND(INDEX('Liste outils'!$H$6:$H$130,IFERROR(MATCH(7,Calcul!$O$60:$O$184,0),0))*64,0))>0.0005,"≈ ","")&IF(INT(ROUND(INDEX('Liste outils'!$H$6:$H$130,IFERROR(MATCH(7,Calcul!$O$60:$O$184,0),0))*64,0)/64)>0,INT(ROUND(INDEX('Liste outils'!$H$6:$H$130,IFERROR(MATCH(7,Calcul!$O$60:$O$184,0),0))*64,0)/64)&IF(MOD(ROUND(INDEX('Liste outils'!$H$6:$H$130,IFERROR(MATCH(7,Calcul!$O$60:$O$184,0),0))*64,0),64)>0," ",""),"")&IF(MOD(ROUND(INDEX('Liste outils'!$H$6:$H$130,IFERROR(MATCH(7,Calcul!$O$60:$O$184,0),0))*64,0),64)>0,MOD(ROUND(INDEX('Liste outils'!$H$6:$H$130,IFERROR(MATCH(7,Calcul!$O$60:$O$184,0),0))*64,0),64)/GCD(MOD(ROUND(INDEX('Liste outils'!$H$6:$H$130,IFERROR(MATCH(7,Calcul!$O$60:$O$184,0),0))*64,0),64),64)&"/"&64/GCD(MOD(ROUND(INDEX('Liste outils'!$H$6:$H$130,IFERROR(MATCH(7,Calcul!$O$60:$O$184,0),0))*64,0),64),64),IF(ROUND(INDEX('Liste outils'!$H$6:$H$130,IFERROR(MATCH(7,Calcul!$O$60:$O$184,0),0))*64,0)=0,"0",""))&""""))&" · "&FIXED(INDEX('Liste outils'!$H$6:$H$130,IFERROR(MATCH(7,Calcul!$O$60:$O$184,0),0)),4,TRUE())&" po · "&FIXED(INDEX('Liste outils'!$H$6:$H$130,IFERROR(MATCH(7,Calcul!$O$60:$O$184,0),0))*25.4,3,TRUE())&" mm"),"")) | E68: =IF(IFERROR(MATCH(7,Calcul!$O$60:$O$184,0),0)=0,"",INDEX('Liste outils'!$AB$6:$AB$130,IFERROR(MATCH(7,Calcul!$O$60:$O$184,0),0))&"") | F68: =IF(IFERROR(MATCH(7,Calcul!$O$60:$O$184,0),0)=0,"",INDEX('Liste outils'!$O$6:$O$130,IFERROR(MATCH(7,Calcul!$O$60:$O$184,0),0))&"") | G68: =IF(IFERROR(MATCH(7,Calcul!$O$60:$O$184,0),0)=0,"",INDEX('Liste outils'!$AC$6:$AC$130,IFERROR(MATCH(7,Calcul!$O$60:$O$184,0),0))&"")
A69: =IF(IFERROR(MATCH(8,Calcul!$O$60:$O$184,0),0)=0,"",INDEX('Liste outils'!$B$6:$B$130,IFERROR(MATCH(8,Calcul!$O$60:$O$184,0),0))&"") | B69: =IF(IFERROR(MATCH(8,Calcul!$O$60:$O$184,0),0)=0,"",INDEX('Liste outils'!$C$6:$C$130,IFERROR(MATCH(8,Calcul!$O$60:$O$184,0),0))&"") | C69: =IF(IFERROR(MATCH(8,Calcul!$O$60:$O$184,0),0)=0,"",INDEX('Liste outils'!$J$6:$J$130,IFERROR(MATCH(8,Calcul!$O$60:$O$184,0),0))&"") | D69: =IF(IFERROR(MATCH(8,Calcul!$O$60:$O$184,0),0)=0,"",IF(ISNUMBER(INDEX('Liste outils'!$H$6:$H$130,IFERROR(MATCH(8,Calcul!$O$60:$O$184,0),0))),IF(NOT(ISNUMBER(INDEX('Liste outils'!$H$6:$H$130,IFERROR(MATCH(8,Calcul!$O$60:$O$184,0),0)))),"",IF(NOT(ISNUMBER(INDEX('Liste outils'!$H$6:$H$130,IFERROR(MATCH(8,Calcul!$O$60:$O$184,0),0)))),"",IF(INDEX('Liste outils'!$H$6:$H$130,IFERROR(MATCH(8,Calcul!$O$60:$O$184,0),0))<=0,"",IF(ABS(INDEX('Liste outils'!$H$6:$H$130,IFERROR(MATCH(8,Calcul!$O$60:$O$184,0),0))*64-ROUND(INDEX('Liste outils'!$H$6:$H$130,IFERROR(MATCH(8,Calcul!$O$60:$O$184,0),0))*64,0))>0.0005,"≈ ","")&IF(INT(ROUND(INDEX('Liste outils'!$H$6:$H$130,IFERROR(MATCH(8,Calcul!$O$60:$O$184,0),0))*64,0)/64)>0,INT(ROUND(INDEX('Liste outils'!$H$6:$H$130,IFERROR(MATCH(8,Calcul!$O$60:$O$184,0),0))*64,0)/64)&IF(MOD(ROUND(INDEX('Liste outils'!$H$6:$H$130,IFERROR(MATCH(8,Calcul!$O$60:$O$184,0),0))*64,0),64)>0," ",""),"")&IF(MOD(ROUND(INDEX('Liste outils'!$H$6:$H$130,IFERROR(MATCH(8,Calcul!$O$60:$O$184,0),0))*64,0),64)>0,MOD(ROUND(INDEX('Liste outils'!$H$6:$H$130,IFERROR(MATCH(8,Calcul!$O$60:$O$184,0),0))*64,0),64)/GCD(MOD(ROUND(INDEX('Liste outils'!$H$6:$H$130,IFERROR(MATCH(8,Calcul!$O$60:$O$184,0),0))*64,0),64),64)&"/"&64/GCD(MOD(ROUND(INDEX('Liste outils'!$H$6:$H$130,IFERROR(MATCH(8,Calcul!$O$60:$O$184,0),0))*64,0),64),64),IF(ROUND(INDEX('Liste outils'!$H$6:$H$130,IFERROR(MATCH(8,Calcul!$O$60:$O$184,0),0))*64,0)=0,"0",""))&""""))&" · "&FIXED(INDEX('Liste outils'!$H$6:$H$130,IFERROR(MATCH(8,Calcul!$O$60:$O$184,0),0)),4,TRUE())&" po · "&FIXED(INDEX('Liste outils'!$H$6:$H$130,IFERROR(MATCH(8,Calcul!$O$60:$O$184,0),0))*25.4,3,TRUE())&" mm"),"")) | E69: =IF(IFERROR(MATCH(8,Calcul!$O$60:$O$184,0),0)=0,"",INDEX('Liste outils'!$AB$6:$AB$130,IFERROR(MATCH(8,Calcul!$O$60:$O$184,0),0))&"") | F69: =IF(IFERROR(MATCH(8,Calcul!$O$60:$O$184,0),0)=0,"",INDEX('Liste outils'!$O$6:$O$130,IFERROR(MATCH(8,Calcul!$O$60:$O$184,0),0))&"") | G69: =IF(IFERROR(MATCH(8,Calcul!$O$60:$O$184,0),0)=0,"",INDEX('Liste outils'!$AC$6:$AC$130,IFERROR(MATCH(8,Calcul!$O$60:$O$184,0),0))&"")
A70: =IF(IFERROR(MATCH(9,Calcul!$O$60:$O$184,0),0)=0,"",INDEX('Liste outils'!$B$6:$B$130,IFERROR(MATCH(9,Calcul!$O$60:$O$184,0),0))&"") | B70: =IF(IFERROR(MATCH(9,Calcul!$O$60:$O$184,0),0)=0,"",INDEX('Liste outils'!$C$6:$C$130,IFERROR(MATCH(9,Calcul!$O$60:$O$184,0),0))&"") | C70: =IF(IFERROR(MATCH(9,Calcul!$O$60:$O$184,0),0)=0,"",INDEX('Liste outils'!$J$6:$J$130,IFERROR(MATCH(9,Calcul!$O$60:$O$184,0),0))&"") | D70: =IF(IFERROR(MATCH(9,Calcul!$O$60:$O$184,0),0)=0,"",IF(ISNUMBER(INDEX('Liste outils'!$H$6:$H$130,IFERROR(MATCH(9,Calcul!$O$60:$O$184,0),0))),IF(NOT(ISNUMBER(INDEX('Liste outils'!$H$6:$H$130,IFERROR(MATCH(9,Calcul!$O$60:$O$184,0),0)))),"",IF(NOT(ISNUMBER(INDEX('Liste outils'!$H$6:$H$130,IFERROR(MATCH(9,Calcul!$O$60:$O$184,0),0)))),"",IF(INDEX('Liste outils'!$H$6:$H$130,IFERROR(MATCH(9,Calcul!$O$60:$O$184,0),0))<=0,"",IF(ABS(INDEX('Liste outils'!$H$6:$H$130,IFERROR(MATCH(9,Calcul!$O$60:$O$184,0),0))*64-ROUND(INDEX('Liste outils'!$H$6:$H$130,IFERROR(MATCH(9,Calcul!$O$60:$O$184,0),0))*64,0))>0.0005,"≈ ","")&IF(INT(ROUND(INDEX('Liste outils'!$H$6:$H$130,IFERROR(MATCH(9,Calcul!$O$60:$O$184,0),0))*64,0)/64)>0,INT(ROUND(INDEX('Liste outils'!$H$6:$H$130,IFERROR(MATCH(9,Calcul!$O$60:$O$184,0),0))*64,0)/64)&IF(MOD(ROUND(INDEX('Liste outils'!$H$6:$H$130,IFERROR(MATCH(9,Calcul!$O$60:$O$184,0),0))*64,0),64)>0," ",""),"")&IF(MOD(ROUND(INDEX('Liste outils'!$H$6:$H$130,IFERROR(MATCH(9,Calcul!$O$60:$O$184,0),0))*64,0),64)>0,MOD(ROUND(INDEX('Liste outils'!$H$6:$H$130,IFERROR(MATCH(9,Calcul!$O$60:$O$184,0),0))*64,0),64)/GCD(MOD(ROUND(INDEX('Liste outils'!$H$6:$H$130,IFERROR(MATCH(9,Calcul!$O$60:$O$184,0),0))*64,0),64),64)&"/"&64/GCD(MOD(ROUND(INDEX('Liste outils'!$H$6:$H$130,IFERROR(MATCH(9,Calcul!$O$60:$O$184,0),0))*64,0),64),64),IF(ROUND(INDEX('Liste outils'!$H$6:$H$130,IFERROR(MATCH(9,Calcul!$O$60:$O$184,0),0))*64,0)=0,"0",""))&""""))&" · "&FIXED(INDEX('Liste outils'!$H$6:$H$130,IFERROR(MATCH(9,Calcul!$O$60:$O$184,0),0)),4,TRUE())&" po · "&FIXED(INDEX('Liste outils'!$H$6:$H$130,IFERROR(MATCH(9,Calcul!$O$60:$O$184,0),0))*25.4,3,TRUE())&" mm"),"")) | E70: =IF(IFERROR(MATCH(9,Calcul!$O$60:$O$184,0),0)=0,"",INDEX('Liste outils'!$AB$6:$AB$130,IFERROR(MATCH(9,Calcul!$O$60:$O$184,0),0))&"") | F70: =IF(IFERROR(MATCH(9,Calcul!$O$60:$O$184,0),0)=0,"",INDEX('Liste outils'!$O$6:$O$130,IFERROR(MATCH(9,Calcul!$O$60:$O$184,0),0))&"") | G70: =IF(IFERROR(MATCH(9,Calcul!$O$60:$O$184,0),0)=0,"",INDEX('Liste outils'!$AC$6:$AC$130,IFERROR(MATCH(9,Calcul!$O$60:$O$184,0),0))&"")
A71: =IF(IFERROR(MATCH(10,Calcul!$O$60:$O$184,0),0)=0,"",INDEX('Liste outils'!$B$6:$B$130,IFERROR(MATCH(10,Calcul!$O$60:$O$184,0),0))&"") | B71: =IF(IFERROR(MATCH(10,Calcul!$O$60:$O$184,0),0)=0,"",INDEX('Liste outils'!$C$6:$C$130,IFERROR(MATCH(10,Calcul!$O$60:$O$184,0),0))&"") | C71: =IF(IFERROR(MATCH(10,Calcul!$O$60:$O$184,0),0)=0,"",INDEX('Liste outils'!$J$6:$J$130,IFERROR(MATCH(10,Calcul!$O$60:$O$184,0),0))&"") | D71: =IF(IFERROR(MATCH(10,Calcul!$O$60:$O$184,0),0)=0,"",IF(ISNUMBER(INDEX('Liste outils'!$H$6:$H$130,IFERROR(MATCH(10,Calcul!$O$60:$O$184,0),0))),IF(NOT(ISNUMBER(INDEX('Liste outils'!$H$6:$H$130,IFERROR(MATCH(10,Calcul!$O$60:$O$184,0),0)))),"",IF(NOT(ISNUMBER(INDEX('Liste outils'!$H$6:$H$130,IFERROR(MATCH(10,Calcul!$O$60:$O$184,0),0)))),"",IF(INDEX('Liste outils'!$H$6:$H$130,IFERROR(MATCH(10,Calcul!$O$60:$O$184,0),0))<=0,"",IF(ABS(INDEX('Liste outils'!$H$6:$H$130,IFERROR(MATCH(10,Calcul!$O$60:$O$184,0),0))*64-ROUND(INDEX('Liste outils'!$H$6:$H$130,IFERROR(MATCH(10,Calcul!$O$60:$O$184,0),0))*64,0))>0.0005,"≈ ","")&IF(INT(ROUND(INDEX('Liste outils'!$H$6:$H$130,IFERROR(MATCH(10,Calcul!$O$60:$O$184,0),0))*64,0)/64)>0,INT(ROUND(INDEX('Liste outils'!$H$6:$H$130,IFERROR(MATCH(10,Calcul!$O$60:$O$184,0),0))*64,0)/64)&IF(MOD(ROUND(INDEX('Liste outils'!$H$6:$H$130,IFERROR(MATCH(10,Calcul!$O$60:$O$184,0),0))*64,0),64)>0," ",""),"")&IF(MOD(ROUND(INDEX('Liste outils'!$H$6:$H$130,IFERROR(MATCH(10,Calcul!$O$60:$O$184,0),0))*64,0),64)>0,MOD(ROUND(INDEX('Liste outils'!$H$6:$H$130,IFERROR(MATCH(10,Calcul!$O$60:$O$184,0),0))*64,0),64)/GCD(MOD(ROUND(INDEX('Liste outils'!$H$6:$H$130,IFERROR(MATCH(10,Calcul!$O$60:$O$184,0),0))*64,0),64),64)&"/"&64/GCD(MOD(ROUND(INDEX('Liste outils'!$H$6:$H$130,IFERROR(MATCH(10,Calcul!$O$60:$O$184,0),0))*64,0),64),64),IF(ROUND(INDEX('Liste outils'!$H$6:$H$130,IFERROR(MATCH(10,Calcul!$O$60:$O$184,0),0))*64,0)=0,"0",""))&""""))&" · "&FIXED(INDEX('Liste outils'!$H$6:$H$130,IFERROR(MATCH(10,Calcul!$O$60:$O$184,0),0)),4,TRUE())&" po · "&FIXED(INDEX('Liste outils'!$H$6:$H$130,IFERROR(MATCH(10,Calcul!$O$60:$O$184,0),0))*25.4,3,TRUE())&" mm"),"")) | E71: =IF(IFERROR(MATCH(10,Calcul!$O$60:$O$184,0),0)=0,"",INDEX('Liste outils'!$AB$6:$AB$130,IFERROR(MATCH(10,Calcul!$O$60:$O$184,0),0))&"") | F71: =IF(IFERROR(MATCH(10,Calcul!$O$60:$O$184,0),0)=0,"",INDEX('Liste outils'!$O$6:$O$130,IFERROR(MATCH(10,Calcul!$O$60:$O$184,0),0))&"") | G71: =IF(IFERROR(MATCH(10,Calcul!$O$60:$O$184,0),0)=0,"",INDEX('Liste outils'!$AC$6:$AC$130,IFERROR(MATCH(10,Calcul!$O$60:$O$184,0),0))&"")
A72: =IF(IFERROR(MATCH(11,Calcul!$O$60:$O$184,0),0)=0,"",INDEX('Liste outils'!$B$6:$B$130,IFERROR(MATCH(11,Calcul!$O$60:$O$184,0),0))&"") | B72: =IF(IFERROR(MATCH(11,Calcul!$O$60:$O$184,0),0)=0,"",INDEX('Liste outils'!$C$6:$C$130,IFERROR(MATCH(11,Calcul!$O$60:$O$184,0),0))&"") | C72: =IF(IFERROR(MATCH(11,Calcul!$O$60:$O$184,0),0)=0,"",INDEX('Liste outils'!$J$6:$J$130,IFERROR(MATCH(11,Calcul!$O$60:$O$184,0),0))&"") | D72: =IF(IFERROR(MATCH(11,Calcul!$O$60:$O$184,0),0)=0,"",IF(ISNUMBER(INDEX('Liste outils'!$H$6:$H$130,IFERROR(MATCH(11,Calcul!$O$60:$O$184,0),0))),IF(NOT(ISNUMBER(INDEX('Liste outils'!$H$6:$H$130,IFERROR(MATCH(11,Calcul!$O$60:$O$184,0),0)))),"",IF(NOT(ISNUMBER(INDEX('Liste outils'!$H$6:$H$130,IFERROR(MATCH(11,Calcul!$O$60:$O$184,0),0)))),"",IF(INDEX('Liste outils'!$H$6:$H$130,IFERROR(MATCH(11,Calcul!$O$60:$O$184,0),0))<=0,"",IF(ABS(INDEX('Liste outils'!$H$6:$H$130,IFERROR(MATCH(11,Calcul!$O$60:$O$184,0),0))*64-ROUND(INDEX('Liste outils'!$H$6:$H$130,IFERROR(MATCH(11,Calcul!$O$60:$O$184,0),0))*64,0))>0.0005,"≈ ","")&IF(INT(ROUND(INDEX('Liste outils'!$H$6:$H$130,IFERROR(MATCH(11,Calcul!$O$60:$O$184,0),0))*64,0)/64)>0,INT(ROUND(INDEX('Liste outils'!$H$6:$H$130,IFERROR(MATCH(11,Calcul!$O$60:$O$184,0),0))*64,0)/64)&IF(MOD(ROUND(INDEX('Liste outils'!$H$6:$H$130,IFERROR(MATCH(11,Calcul!$O$60:$O$184,0),0))*64,0),64)>0," ",""),"")&IF(MOD(ROUND(INDEX('Liste outils'!$H$6:$H$130,IFERROR(MATCH(11,Calcul!$O$60:$O$184,0),0))*64,0),64)>0,MOD(ROUND(INDEX('Liste outils'!$H$6:$H$130,IFERROR(MATCH(11,Calcul!$O$60:$O$184,0),0))*64,0),64)/GCD(MOD(ROUND(INDEX('Liste outils'!$H$6:$H$130,IFERROR(MATCH(11,Calcul!$O$60:$O$184,0),0))*64,0),64),64)&"/"&64/GCD(MOD(ROUND(INDEX('Liste outils'!$H$6:$H$130,IFERROR(MATCH(11,Calcul!$O$60:$O$184,0),0))*64,0),64),64),IF(ROUND(INDEX('Liste outils'!$H$6:$H$130,IFERROR(MATCH(11,Calcul!$O$60:$O$184,0),0))*64,0)=0,"0",""))&""""))&" · "&FIXED(INDEX('Liste outils'!$H$6:$H$130,IFERROR(MATCH(11,Calcul!$O$60:$O$184,0),0)),4,TRUE())&" po · "&FIXED(INDEX('Liste outils'!$H$6:$H$130,IFERROR(MATCH(11,Calcul!$O$60:$O$184,0),0))*25.4,3,TRUE())&" mm"),"")) | E72: =IF(IFERROR(MATCH(11,Calcul!$O$60:$O$184,0),0)=0,"",INDEX('Liste outils'!$AB$6:$AB$130,IFERROR(MATCH(11,Calcul!$O$60:$O$184,0),0))&"") | F72: =IF(IFERROR(MATCH(11,Calcul!$O$60:$O$184,0),0)=0,"",INDEX('Liste outils'!$O$6:$O$130,IFERROR(MATCH(11,Calcul!$O$60:$O$184,0),0))&"") | G72: =IF(IFERROR(MATCH(11,Calcul!$O$60:$O$184,0),0)=0,"",INDEX('Liste outils'!$AC$6:$AC$130,IFERROR(MATCH(11,Calcul!$O$60:$O$184,0),0))&"")
A73: =IF(IFERROR(MATCH(12,Calcul!$O$60:$O$184,0),0)=0,"",INDEX('Liste outils'!$B$6:$B$130,IFERROR(MATCH(12,Calcul!$O$60:$O$184,0),0))&"") | B73: =IF(IFERROR(MATCH(12,Calcul!$O$60:$O$184,0),0)=0,"",INDEX('Liste outils'!$C$6:$C$130,IFERROR(MATCH(12,Calcul!$O$60:$O$184,0),0))&"") | C73: =IF(IFERROR(MATCH(12,Calcul!$O$60:$O$184,0),0)=0,"",INDEX('Liste outils'!$J$6:$J$130,IFERROR(MATCH(12,Calcul!$O$60:$O$184,0),0))&"") | D73: =IF(IFERROR(MATCH(12,Calcul!$O$60:$O$184,0),0)=0,"",IF(ISNUMBER(INDEX('Liste outils'!$H$6:$H$130,IFERROR(MATCH(12,Calcul!$O$60:$O$184,0),0))),IF(NOT(ISNUMBER(INDEX('Liste outils'!$H$6:$H$130,IFERROR(MATCH(12,Calcul!$O$60:$O$184,0),0)))),"",IF(NOT(ISNUMBER(INDEX('Liste outils'!$H$6:$H$130,IFERROR(MATCH(12,Calcul!$O$60:$O$184,0),0)))),"",IF(INDEX('Liste outils'!$H$6:$H$130,IFERROR(MATCH(12,Calcul!$O$60:$O$184,0),0))<=0,"",IF(ABS(INDEX('Liste outils'!$H$6:$H$130,IFERROR(MATCH(12,Calcul!$O$60:$O$184,0),0))*64-ROUND(INDEX('Liste outils'!$H$6:$H$130,IFERROR(MATCH(12,Calcul!$O$60:$O$184,0),0))*64,0))>0.0005,"≈ ","")&IF(INT(ROUND(INDEX('Liste outils'!$H$6:$H$130,IFERROR(MATCH(12,Calcul!$O$60:$O$184,0),0))*64,0)/64)>0,INT(ROUND(INDEX('Liste outils'!$H$6:$H$130,IFERROR(MATCH(12,Calcul!$O$60:$O$184,0),0))*64,0)/64)&IF(MOD(ROUND(INDEX('Liste outils'!$H$6:$H$130,IFERROR(MATCH(12,Calcul!$O$60:$O$184,0),0))*64,0),64)>0," ",""),"")&IF(MOD(ROUND(INDEX('Liste outils'!$H$6:$H$130,IFERROR(MATCH(12,Calcul!$O$60:$O$184,0),0))*64,0),64)>0,MOD(ROUND(INDEX('Liste outils'!$H$6:$H$130,IFERROR(MATCH(12,Calcul!$O$60:$O$184,0),0))*64,0),64)/GCD(MOD(ROUND(INDEX('Liste outils'!$H$6:$H$130,IFERROR(MATCH(12,Calcul!$O$60:$O$184,0),0))*64,0),64),64)&"/"&64/GCD(MOD(ROUND(INDEX('Liste outils'!$H$6:$H$130,IFERROR(MATCH(12,Calcul!$O$60:$O$184,0),0))*64,0),64),64),IF(ROUND(INDEX('Liste outils'!$H$6:$H$130,IFERROR(MATCH(12,Calcul!$O$60:$O$184,0),0))*64,0)=0,"0",""))&""""))&" · "&FIXED(INDEX('Liste outils'!$H$6:$H$130,IFERROR(MATCH(12,Calcul!$O$60:$O$184,0),0)),4,TRUE())&" po · "&FIXED(INDEX('Liste outils'!$H$6:$H$130,IFERROR(MATCH(12,Calcul!$O$60:$O$184,0),0))*25.4,3,TRUE())&" mm"),"")) | E73: =IF(IFERROR(MATCH(12,Calcul!$O$60:$O$184,0),0)=0,"",INDEX('Liste outils'!$AB$6:$AB$130,IFERROR(MATCH(12,Calcul!$O$60:$O$184,0),0))&"") | F73: =IF(IFERROR(MATCH(12,Calcul!$O$60:$O$184,0),0)=0,"",INDEX('Liste outils'!$O$6:$O$130,IFERROR(MATCH(12,Calcul!$O$60:$O$184,0),0))&"") | G73: =IF(IFERROR(MATCH(12,Calcul!$O$60:$O$184,0),0)=0,"",INDEX('Liste outils'!$AC$6:$AC$130,IFERROR(MATCH(12,Calcul!$O$60:$O$184,0),0))&"")
A74: =IF(IFERROR(MATCH(13,Calcul!$O$60:$O$184,0),0)=0,"",INDEX('Liste outils'!$B$6:$B$130,IFERROR(MATCH(13,Calcul!$O$60:$O$184,0),0))&"") | B74: =IF(IFERROR(MATCH(13,Calcul!$O$60:$O$184,0),0)=0,"",INDEX('Liste outils'!$C$6:$C$130,IFERROR(MATCH(13,Calcul!$O$60:$O$184,0),0))&"") | C74: =IF(IFERROR(MATCH(13,Calcul!$O$60:$O$184,0),0)=0,"",INDEX('Liste outils'!$J$6:$J$130,IFERROR(MATCH(13,Calcul!$O$60:$O$184,0),0))&"") | D74: =IF(IFERROR(MATCH(13,Calcul!$O$60:$O$184,0),0)=0,"",IF(ISNUMBER(INDEX('Liste outils'!$H$6:$H$130,IFERROR(MATCH(13,Calcul!$O$60:$O$184,0),0))),IF(NOT(ISNUMBER(INDEX('Liste outils'!$H$6:$H$130,IFERROR(MATCH(13,Calcul!$O$60:$O$184,0),0)))),"",IF(NOT(ISNUMBER(INDEX('Liste outils'!$H$6:$H$130,IFERROR(MATCH(13,Calcul!$O$60:$O$184,0),0)))),"",IF(INDEX('Liste outils'!$H$6:$H$130,IFERROR(MATCH(13,Calcul!$O$60:$O$184,0),0))<=0,"",IF(ABS(INDEX('Liste outils'!$H$6:$H$130,IFERROR(MATCH(13,Calcul!$O$60:$O$184,0),0))*64-ROUND(INDEX('Liste outils'!$H$6:$H$130,IFERROR(MATCH(13,Calcul!$O$60:$O$184,0),0))*64,0))>0.0005,"≈ ","")&IF(INT(ROUND(INDEX('Liste outils'!$H$6:$H$130,IFERROR(MATCH(13,Calcul!$O$60:$O$184,0),0))*64,0)/64)>0,INT(ROUND(INDEX('Liste outils'!$H$6:$H$130,IFERROR(MATCH(13,Calcul!$O$60:$O$184,0),0))*64,0)/64)&IF(MOD(ROUND(INDEX('Liste outils'!$H$6:$H$130,IFERROR(MATCH(13,Calcul!$O$60:$O$184,0),0))*64,0),64)>0," ",""),"")&IF(MOD(ROUND(INDEX('Liste outils'!$H$6:$H$130,IFERROR(MATCH(13,Calcul!$O$60:$O$184,0),0))*64,0),64)>0,MOD(ROUND(INDEX('Liste outils'!$H$6:$H$130,IFERROR(MATCH(13,Calcul!$O$60:$O$184,0),0))*64,0),64)/GCD(MOD(ROUND(INDEX('Liste outils'!$H$6:$H$130,IFERROR(MATCH(13,Calcul!$O$60:$O$184,0),0))*64,0),64),64)&"/"&64/GCD(MOD(ROUND(INDEX('Liste outils'!$H$6:$H$130,IFERROR(MATCH(13,Calcul!$O$60:$O$184,0),0))*64,0),64),64),IF(ROUND(INDEX('Liste outils'!$H$6:$H$130,IFERROR(MATCH(13,Calcul!$O$60:$O$184,0),0))*64,0)=0,"0",""))&""""))&" · "&FIXED(INDEX('Liste outils'!$H$6:$H$130,IFERROR(MATCH(13,Calcul!$O$60:$O$184,0),0)),4,TRUE())&" po · "&FIXED(INDEX('Liste outils'!$H$6:$H$130,IFERROR(MATCH(13,Calcul!$O$60:$O$184,0),0))*25.4,3,TRUE())&" mm"),"")) | E74: =IF(IFERROR(MATCH(13,Calcul!$O$60:$O$184,0),0)=0,"",INDEX('Liste outils'!$AB$6:$AB$130,IFERROR(MATCH(13,Calcul!$O$60:$O$184,0),0))&"") | F74: =IF(IFERROR(MATCH(13,Calcul!$O$60:$O$184,0),0)=0,"",INDEX('Liste outils'!$O$6:$O$130,IFERROR(MATCH(13,Calcul!$O$60:$O$184,0),0))&"") | G74: =IF(IFERROR(MATCH(13,Calcul!$O$60:$O$184,0),0)=0,"",INDEX('Liste outils'!$AC$6:$AC$130,IFERROR(MATCH(13,Calcul!$O$60:$O$184,0),0))&"")
A75: =IF(IFERROR(MATCH(14,Calcul!$O$60:$O$184,0),0)=0,"",INDEX('Liste outils'!$B$6:$B$130,IFERROR(MATCH(14,Calcul!$O$60:$O$184,0),0))&"") | B75: =IF(IFERROR(MATCH(14,Calcul!$O$60:$O$184,0),0)=0,"",INDEX('Liste outils'!$C$6:$C$130,IFERROR(MATCH(14,Calcul!$O$60:$O$184,0),0))&"") | C75: =IF(IFERROR(MATCH(14,Calcul!$O$60:$O$184,0),0)=0,"",INDEX('Liste outils'!$J$6:$J$130,IFERROR(MATCH(14,Calcul!$O$60:$O$184,0),0))&"") | D75: =IF(IFERROR(MATCH(14,Calcul!$O$60:$O$184,0),0)=0,"",IF(ISNUMBER(INDEX('Liste outils'!$H$6:$H$130,IFERROR(MATCH(14,Calcul!$O$60:$O$184,0),0))),IF(NOT(ISNUMBER(INDEX('Liste outils'!$H$6:$H$130,IFERROR(MATCH(14,Calcul!$O$60:$O$184,0),0)))),"",IF(NOT(ISNUMBER(INDEX('Liste outils'!$H$6:$H$130,IFERROR(MATCH(14,Calcul!$O$60:$O$184,0),0)))),"",IF(INDEX('Liste outils'!$H$6:$H$130,IFERROR(MATCH(14,Calcul!$O$60:$O$184,0),0))<=0,"",IF(ABS(INDEX('Liste outils'!$H$6:$H$130,IFERROR(MATCH(14,Calcul!$O$60:$O$184,0),0))*64-ROUND(INDEX('Liste outils'!$H$6:$H$130,IFERROR(MATCH(14,Calcul!$O$60:$O$184,0),0))*64,0))>0.0005,"≈ ","")&IF(INT(ROUND(INDEX('Liste outils'!$H$6:$H$130,IFERROR(MATCH(14,Calcul!$O$60:$O$184,0),0))*64,0)/64)>0,INT(ROUND(INDEX('Liste outils'!$H$6:$H$130,IFERROR(MATCH(14,Calcul!$O$60:$O$184,0),0))*64,0)/64)&IF(MOD(ROUND(INDEX('Liste outils'!$H$6:$H$130,IFERROR(MATCH(14,Calcul!$O$60:$O$184,0),0))*64,0),64)>0," ",""),"")&IF(MOD(ROUND(INDEX('Liste outils'!$H$6:$H$130,IFERROR(MATCH(14,Calcul!$O$60:$O$184,0),0))*64,0),64)>0,MOD(ROUND(INDEX('Liste outils'!$H$6:$H$130,IFERROR(MATCH(14,Calcul!$O$60:$O$184,0),0))*64,0),64)/GCD(MOD(ROUND(INDEX('Liste outils'!$H$6:$H$130,IFERROR(MATCH(14,Calcul!$O$60:$O$184,0),0))*64,0),64),64)&"/"&64/GCD(MOD(ROUND(INDEX('Liste outils'!$H$6:$H$130,IFERROR(MATCH(14,Calcul!$O$60:$O$184,0),0))*64,0),64),64),IF(ROUND(INDEX('Liste outils'!$H$6:$H$130,IFERROR(MATCH(14,Calcul!$O$60:$O$184,0),0))*64,0)=0,"0",""))&""""))&" · "&FIXED(INDEX('Liste outils'!$H$6:$H$130,IFERROR(MATCH(14,Calcul!$O$60:$O$184,0),0)),4,TRUE())&" po · "&FIXED(INDEX('Liste outils'!$H$6:$H$130,IFERROR(MATCH(14,Calcul!$O$60:$O$184,0),0))*25.4,3,TRUE())&" mm"),"")) | E75: =IF(IFERROR(MATCH(14,Calcul!$O$60:$O$184,0),0)=0,"",INDEX('Liste outils'!$AB$6:$AB$130,IFERROR(MATCH(14,Calcul!$O$60:$O$184,0),0))&"") | F75: =IF(IFERROR(MATCH(14,Calcul!$O$60:$O$184,0),0)=0,"",INDEX('Liste outils'!$O$6:$O$130,IFERROR(MATCH(14,Calcul!$O$60:$O$184,0),0))&"") | G75: =IF(IFERROR(MATCH(14,Calcul!$O$60:$O$184,0),0)=0,"",INDEX('Liste outils'!$AC$6:$AC$130,IFERROR(MATCH(14,Calcul!$O$60:$O$184,0),0))&"")
A76: =IF(IFERROR(MATCH(15,Calcul!$O$60:$O$184,0),0)=0,"",INDEX('Liste outils'!$B$6:$B$130,IFERROR(MATCH(15,Calcul!$O$60:$O$184,0),0))&"") | B76: =IF(IFERROR(MATCH(15,Calcul!$O$60:$O$184,0),0)=0,"",INDEX('Liste outils'!$C$6:$C$130,IFERROR(MATCH(15,Calcul!$O$60:$O$184,0),0))&"") | C76: =IF(IFERROR(MATCH(15,Calcul!$O$60:$O$184,0),0)=0,"",INDEX('Liste outils'!$J$6:$J$130,IFERROR(MATCH(15,Calcul!$O$60:$O$184,0),0))&"") | D76: =IF(IFERROR(MATCH(15,Calcul!$O$60:$O$184,0),0)=0,"",IF(ISNUMBER(INDEX('Liste outils'!$H$6:$H$130,IFERROR(MATCH(15,Calcul!$O$60:$O$184,0),0))),IF(NOT(ISNUMBER(INDEX('Liste outils'!$H$6:$H$130,IFERROR(MATCH(15,Calcul!$O$60:$O$184,0),0)))),"",IF(NOT(ISNUMBER(INDEX('Liste outils'!$H$6:$H$130,IFERROR(MATCH(15,Calcul!$O$60:$O$184,0),0)))),"",IF(INDEX('Liste outils'!$H$6:$H$130,IFERROR(MATCH(15,Calcul!$O$60:$O$184,0),0))<=0,"",IF(ABS(INDEX('Liste outils'!$H$6:$H$130,IFERROR(MATCH(15,Calcul!$O$60:$O$184,0),0))*64-ROUND(INDEX('Liste outils'!$H$6:$H$130,IFERROR(MATCH(15,Calcul!$O$60:$O$184,0),0))*64,0))>0.0005,"≈ ","")&IF(INT(ROUND(INDEX('Liste outils'!$H$6:$H$130,IFERROR(MATCH(15,Calcul!$O$60:$O$184,0),0))*64,0)/64)>0,INT(ROUND(INDEX('Liste outils'!$H$6:$H$130,IFERROR(MATCH(15,Calcul!$O$60:$O$184,0),0))*64,0)/64)&IF(MOD(ROUND(INDEX('Liste outils'!$H$6:$H$130,IFERROR(MATCH(15,Calcul!$O$60:$O$184,0),0))*64,0),64)>0," ",""),"")&IF(MOD(ROUND(INDEX('Liste outils'!$H$6:$H$130,IFERROR(MATCH(15,Calcul!$O$60:$O$184,0),0))*64,0),64)>0,MOD(ROUND(INDEX('Liste outils'!$H$6:$H$130,IFERROR(MATCH(15,Calcul!$O$60:$O$184,0),0))*64,0),64)/GCD(MOD(ROUND(INDEX('Liste outils'!$H$6:$H$130,IFERROR(MATCH(15,Calcul!$O$60:$O$184,0),0))*64,0),64),64)&"/"&64/GCD(MOD(ROUND(INDEX('Liste outils'!$H$6:$H$130,IFERROR(MATCH(15,Calcul!$O$60:$O$184,0),0))*64,0),64),64),IF(ROUND(INDEX('Liste outils'!$H$6:$H$130,IFERROR(MATCH(15,Calcul!$O$60:$O$184,0),0))*64,0)=0,"0",""))&""""))&" · "&FIXED(INDEX('Liste outils'!$H$6:$H$130,IFERROR(MATCH(15,Calcul!$O$60:$O$184,0),0)),4,TRUE())&" po · "&FIXED(INDEX('Liste outils'!$H$6:$H$130,IFERROR(MATCH(15,Calcul!$O$60:$O$184,0),0))*25.4,3,TRUE())&" mm"),"")) | E76: =IF(IFERROR(MATCH(15,Calcul!$O$60:$O$184,0),0)=0,"",INDEX('Liste outils'!$AB$6:$AB$130,IFERROR(MATCH(15,Calcul!$O$60:$O$184,0),0))&"") | F76: =IF(IFERROR(MATCH(15,Calcul!$O$60:$O$184,0),0)=0,"",INDEX('Liste outils'!$O$6:$O$130,IFERROR(MATCH(15,Calcul!$O$60:$O$184,0),0))&"") | G76: =IF(IFERROR(MATCH(15,Calcul!$O$60:$O$184,0),0)=0,"",INDEX('Liste outils'!$AC$6:$AC$130,IFERROR(MATCH(15,Calcul!$O$60:$O$184,0),0))&"")
A77: =IF(IFERROR(MATCH(16,Calcul!$O$60:$O$184,0),0)=0,"",INDEX('Liste outils'!$B$6:$B$130,IFERROR(MATCH(16,Calcul!$O$60:$O$184,0),0))&"") | B77: =IF(IFERROR(MATCH(16,Calcul!$O$60:$O$184,0),0)=0,"",INDEX('Liste outils'!$C$6:$C$130,IFERROR(MATCH(16,Calcul!$O$60:$O$184,0),0))&"") | C77: =IF(IFERROR(MATCH(16,Calcul!$O$60:$O$184,0),0)=0,"",INDEX('Liste outils'!$J$6:$J$130,IFERROR(MATCH(16,Calcul!$O$60:$O$184,0),0))&"") | D77: =IF(IFERROR(MATCH(16,Calcul!$O$60:$O$184,0),0)=0,"",IF(ISNUMBER(INDEX('Liste outils'!$H$6:$H$130,IFERROR(MATCH(16,Calcul!$O$60:$O$184,0),0))),IF(NOT(ISNUMBER(INDEX('Liste outils'!$H$6:$H$130,IFERROR(MATCH(16,Calcul!$O$60:$O$184,0),0)))),"",IF(NOT(ISNUMBER(INDEX('Liste outils'!$H$6:$H$130,IFERROR(MATCH(16,Calcul!$O$60:$O$184,0),0)))),"",IF(INDEX('Liste outils'!$H$6:$H$130,IFERROR(MATCH(16,Calcul!$O$60:$O$184,0),0))<=0,"",IF(ABS(INDEX('Liste outils'!$H$6:$H$130,IFERROR(MATCH(16,Calcul!$O$60:$O$184,0),0))*64-ROUND(INDEX('Liste outils'!$H$6:$H$130,IFERROR(MATCH(16,Calcul!$O$60:$O$184,0),0))*64,0))>0.0005,"≈ ","")&IF(INT(ROUND(INDEX('Liste outils'!$H$6:$H$130,IFERROR(MATCH(16,Calcul!$O$60:$O$184,0),0))*64,0)/64)>0,INT(ROUND(INDEX('Liste outils'!$H$6:$H$130,IFERROR(MATCH(16,Calcul!$O$60:$O$184,0),0))*64,0)/64)&IF(MOD(ROUND(INDEX('Liste outils'!$H$6:$H$130,IFERROR(MATCH(16,Calcul!$O$60:$O$184,0),0))*64,0),64)>0," ",""),"")&IF(MOD(ROUND(INDEX('Liste outils'!$H$6:$H$130,IFERROR(MATCH(16,Calcul!$O$60:$O$184,0),0))*64,0),64)>0,MOD(ROUND(INDEX('Liste outils'!$H$6:$H$130,IFERROR(MATCH(16,Calcul!$O$60:$O$184,0),0))*64,0),64)/GCD(MOD(ROUND(INDEX('Liste outils'!$H$6:$H$130,IFERROR(MATCH(16,Calcul!$O$60:$O$184,0),0))*64,0),64),64)&"/"&64/GCD(MOD(ROUND(INDEX('Liste outils'!$H$6:$H$130,IFERROR(MATCH(16,Calcul!$O$60:$O$184,0),0))*64,0),64),64),IF(ROUND(INDEX('Liste outils'!$H$6:$H$130,IFERROR(MATCH(16,Calcul!$O$60:$O$184,0),0))*64,0)=0,"0",""))&""""))&" · "&FIXED(INDEX('Liste outils'!$H$6:$H$130,IFERROR(MATCH(16,Calcul!$O$60:$O$184,0),0)),4,TRUE())&" po · "&FIXED(INDEX('Liste outils'!$H$6:$H$130,IFERROR(MATCH(16,Calcul!$O$60:$O$184,0),0))*25.4,3,TRUE())&" mm"),"")) | E77: =IF(IFERROR(MATCH(16,Calcul!$O$60:$O$184,0),0)=0,"",INDEX('Liste outils'!$AB$6:$AB$130,IFERROR(MATCH(16,Calcul!$O$60:$O$184,0),0))&"") | F77: =IF(IFERROR(MATCH(16,Calcul!$O$60:$O$184,0),0)=0,"",INDEX('Liste outils'!$O$6:$O$130,IFERROR(MATCH(16,Calcul!$O$60:$O$184,0),0))&"") | G77: =IF(IFERROR(MATCH(16,Calcul!$O$60:$O$184,0),0)=0,"",INDEX('Liste outils'!$AC$6:$AC$130,IFERROR(MATCH(16,Calcul!$O$60:$O$184,0),0))&"")

Sheet Avances
A1: Vitesses et avances
A2: Choisis dans les cellules jaunes. Les 5 meilleurs outils de ta liste s'affichent en dessous.
A4: 1. Matériau | B4: Polycarbonate
A5: 2. Type de travail | B5: Détourage / profil
A6: Direction préférée | B6: Upcut | C6: ← pour détourage et trous seulement
A7: 3. Épaisseur à couper | B7: 1/2 | C7: ← ex. 1/2, 0.75, 12
A8: Unité de l'épaisseur | B8: Fraction | C8: =IF(Calcul!$I$10>0,"Épaisseur : "&IF(NOT(ISNUMBER(Calcul!$I$10)),"",IF(NOT(ISNUMBER(Calcul!$I$10)),"",IF(Calcul!$I$10<=0,"",IF(ABS(Calcul!$I$10*64-ROUND(Calcul!$I$10*64,0))>0.0005,"≈ ","")&IF(INT(ROUND(Calcul!$I$10*64,0)/64)>0,INT(ROUND(Calcul!$I$10*64,0)/64)&IF(MOD(ROUND(Calcul!$I$10*64,0),64)>0," ",""),"")&IF(MOD(ROUND(Calcul!$I$10*64,0),64)>0,MOD(ROUND(Calcul!$I$10*64,0),64)/GCD(MOD(ROUND(Calcul!$I$10*64,0),64),64)&"/"&64/GCD(MOD(ROUND(Calcul!$I$10*64,0),64),64),IF(ROUND(Calcul!$I$10*64,0)=0,"0",""))&""""))&" · "&FIXED(Calcul!$I$10,4,TRUE())&" po · "&FIXED(Calcul!$I$10*25.4,3,TRUE())&" mm"),"Entre une épaisseur") -> Épaisseur : 1/2" · 0.5000 po · 12.700 mm
A10: Les 5 meilleurs outils de ta liste
A11: =IF(Calcul!$I$10>0,"Fraises dont la LOC couvre l'épaisseur, une par diamètre d'abord, puis classées. Passes : jamais plus profond que le diamètre de l'outil.","Entre l'épaisseur pour vérifier la LOC et calculer les passes.") -> Fraises dont la LOC couvre l'épaisseur, une par diamètre d'abord, puis classées. Passes : jamais plus profond que le diamètre de l'outil.
A13: Rang | B13: Statut | C13: Outil | D13: Direction | E13: Ø | F13: LOC | G13: LOC − épaisseur | H13: Passes | I13: Profondeur / passe | J13: RPM atelier | K13: Avance atelier (po/min) | L13: Avance atelier (mm/min) | M13: Chipload (po) | N13: Chipload (mm) | O13: RPM Onsrud | P13: Avance Onsrud (po/min) | Q13: Avance Onsrud (mm/min) | R13: Série Onsrud | S13: Reco Onsrud | T13: Habitude atelier | U13: Emplacement | V13: Note
A14: 1er choix · idéal | B14: =IF(Calcul!$BX$60=0,"",IF(INDEX(Calcul!$AU$60:$AU$110,Calcul!$BX$60)=1,"Estimation, à vérifier","Conforme Onsrud")) -> Conforme Onsrud | C14: =IF(Calcul!$BX$60=0,"",INDEX(Calcul!$R$60:$R$110,Calcul!$BX$60)) -> EM0043 | D14: =IF(Calcul!$BX$60=0,"",INDEX(Calcul!$W$60:$W$110,Calcul!$BX$60)&"") -> Upcut | E14: =IF(Calcul!$BX$60=0,"",IF(NOT(ISNUMBER(INDEX(Calcul!$S$60:$S$110,Calcul!$BX$60))),"",IF(NOT(ISNUMBER(INDEX(Calcul!$S$60:$S$110,Calcul!$BX$60))),"",IF(INDEX(Calcul!$S$60:$S$110,Calcul!$BX$60)<=0,"",IF(ABS(INDEX(Calcul!$S$60:$S$110,Calcul!$BX$60)*64-ROUND(INDEX(Calcul!$S$60:$S$110,Calcul!$BX$60)*64,0))>0.0005,"≈ ","")&IF(INT(ROUND(INDEX(Calcul!$S$60:$S$110,Calcul!$BX$60)*64,0)/64)>0,INT(ROUND(INDEX(Calcul!$S$60:$S$110,Calcul!$BX$60)*64,0)/64)&IF(MOD(ROUND(INDEX(Calcul!$S$60:$S$110,Calcul!$BX$60)*64,0),64)>0," ",""),"")&IF(MOD(ROUND(INDEX(Calcul!$S$60:$S$110,Calcul!$BX$60)*64,0),64)>0,MOD(ROUND(INDEX(Calcul!$S$60:$S$110,Calcul!$BX$60)*64,0),64)/GCD(MOD(ROUND(INDEX(Calcul!$S$60:$S$110,Calcul!$BX$60)*64,0),64),64)&"/"&64/GCD(MOD(ROUND(INDEX(Calcul!$S$60:$S$110,Calcul!$BX$60)*64,0),64),64),IF(ROUND(INDEX(Calcul!$S$60:$S$110,Calcul!$BX$60)*64,0)=0,"0",""))&""""))&" · "&FIXED(INDEX(Calcul!$S$60:$S$110,Calcul!$BX$60),4,TRUE())&" po · "&FIXED(INDEX(Calcul!$S$60:$S$110,Calcul!$BX$60)*25.4,3,TRUE())&" mm")) -> 1/2" · 0.5000 po · 12.700 mm | F14: =IF(Calcul!$BX$60=0,"",IF(NOT(ISNUMBER(INDEX(Calcul!$T$60:$T$110,Calcul!$BX$60))),"",IF(NOT(ISNUMBER(INDEX(Calcul!$T$60:$T$110,Calcul!$BX$60))),"",IF(INDEX(Calcul!$T$60:$T$110,Calcul!$BX$60)<=0,"",IF(ABS(INDEX(Calcul!$T$60:$T$110,Calcul!$BX$60)*64-ROUND(INDEX(Calcul!$T$60:$T$110,Calcul!$BX$60)*64,0))>0.0005,"≈ ","")&IF(INT(ROUND(INDEX(Calcul!$T$60:$T$110,Calcul!$BX$60)*64,0)/64)>0,INT(ROUND(INDEX(Calcul!$T$60:$T$110,Calcul!$BX$60)*64,0)/64)&IF(MOD(ROUND(INDEX(Calcul!$T$60:$T$110,Calcul!$BX$60)*64,0),64)>0," ",""),"")&IF(MOD(ROUND(INDEX(Calcul!$T$60:$T$110,Calcul!$BX$60)*64,0),64)>0,MOD(ROUND(INDEX(Calcul!$T$60:$T$110,Calcul!$BX$60)*64,0),64)/GCD(MOD(ROUND(INDEX(Calcul!$T$60:$T$110,Calcul!$BX$60)*64,0),64),64)&"/"&64/GCD(MOD(ROUND(INDEX(Calcul!$T$60:$T$110,Calcul!$BX$60)*64,0),64),64),IF(ROUND(INDEX(Calcul!$T$60:$T$110,Calcul!$BX$60)*64,0)=0,"0",""))&""""))&" · "&FIXED(INDEX(Calcul!$T$60:$T$110,Calcul!$BX$60),4,TRUE())&" po · "&FIXED(INDEX(Calcul!$T$60:$T$110,Calcul!$BX$60)*25.4,3,TRUE())&" mm")) -> 7/8" · 0.8750 po · 22.225 mm | G14: =IF(OR(Calcul!$BX$60=0,Calcul!$I$10<=0),"",IF(ISNUMBER(INDEX(Calcul!$T$60:$T$110,Calcul!$BX$60)),IF(INDEX(Calcul!$T$60:$T$110,Calcul!$BX$60)-Calcul!$I$10<0.0005,"pile l'épaisseur",IF(NOT(ISNUMBER((INDEX(Calcul!$T$60:$T$110,Calcul!$BX$60)-Calcul!$I$10))),"",IF(NOT(ISNUMBER((INDEX(Calcul!$T$60:$T$110,Calcul!$BX$60)-Calcul!$I$10))),"",IF((INDEX(Calcul!$T$60:$T$110,Calcul!$BX$60)-Calcul!$I$10)<=0,"",IF(ABS((INDEX(Calcul!$T$60:$T$110,Calcul!$BX$60)-Calcul!$I$10)*64-ROUND((INDEX(Calcul!$T$60:$T$110,Calcul!$BX$60)-Calcul!$I$10)*64,0))>0.0005,"≈ ","")&IF(INT(ROUND((INDEX(Calcul!$T$60:$T$110,Calcul!$BX$60)-Calcul!$I$10)*64,0)/64)>0,INT(ROUND((INDEX(Calcul!$T$60:$T$110,Calcul!$BX$60)-Calcul!$I$10)*64,0)/64)&IF(MOD(ROUND((INDEX(Calcul!$T$60:$T$110,Calcul!$BX$60)-Calcul!$I$10)*64,0),64)>0," ",""),"")&IF(MOD(ROUND((INDEX(Calcul!$T$60:$T$110,Calcul!$BX$60)-Calcul!$I$10)*64,0),64)>0,MOD(ROUND((INDEX(Calcul!$T$60:$T$110,Calcul!$BX$60)-Calcul!$I$10)*64,0),64)/GCD(MOD(ROUND((INDEX(Calcul!$T$60:$T$110,Calcul!$BX$60)-Calcul!$I$10)*64,0),64),64)&"/"&64/GCD(MOD(ROUND((INDEX(Calcul!$T$60:$T$110,Calcul!$BX$60)-Calcul!$I$10)*64,0),64),64),IF(ROUND((INDEX(Calcul!$T$60:$T$110,Calcul!$BX$60)-Calcul!$I$10)*64,0)=0,"0",""))&""""))&" · "&FIXED((INDEX(Calcul!$T$60:$T$110,Calcul!$BX$60)-Calcul!$I$10),4,TRUE())&" po · "&FIXED((INDEX(Calcul!$T$60:$T$110,Calcul!$BX$60)-Calcul!$I$10)*25.4,3,TRUE())&" mm")),"")) -> 3/8" · 0.3750 po · 9.525 mm | H14: =IF(Calcul!$BX$60=0,"",INDEX(Calcul!$AW$60:$AW$110,Calcul!$BX$60)) -> 1 | I14: =IF(OR(Calcul!$BX$60=0,Calcul!$I$10<=0),"",IF(NOT(ISNUMBER(INDEX(Calcul!$AX$60:$AX$110,Calcul!$BX$60))),"",IF(NOT(ISNUMBER(INDEX(Calcul!$AX$60:$AX$110,Calcul!$BX$60))),"",IF(INDEX(Calcul!$AX$60:$AX$110,Calcul!$BX$60)<=0,"",IF(ABS(INDEX(Calcul!$AX$60:$AX$110,Calcul!$BX$60)*64-ROUND(INDEX(Calcul!$AX$60:$AX$110,Calcul!$BX$60)*64,0))>0.0005,"≈ ","")&IF(INT(ROUND(INDEX(Calcul!$AX$60:$AX$110,Calcul!$BX$60)*64,0)/64)>0,INT(ROUND(INDEX(Calcul!$AX$60:$AX$110,Calcul!$BX$60)*64,0)/64)&IF(MOD(ROUND(INDEX(Calcul!$AX$60:$AX$110,Calcul!$BX$60)*64,0),64)>0," ",""),"")&IF(MOD(ROUND(INDEX(Calcul!$AX$60:$AX$110,Calcul!$BX$60)*64,0),64)>0,MOD(ROUND(INDEX(Calcul!$AX$60:$AX$110,Calcul!$BX$60)*64,0),64)/GCD(MOD(ROUND(INDEX(Calcul!$AX$60:$AX$110,Calcul!$BX$60)*64,0),64),64)&"/"&64/GCD(MOD(ROUND(INDEX(Calcul!$AX$60:$AX$110,Calcul!$BX$60)*64,0),64),64),IF(ROUND(INDEX(Calcul!$AX$60:$AX$110,Calcul!$BX$60)*64,0)=0,"0",""))&""""))&" · "&FIXED(INDEX(Calcul!$AX$60:$AX$110,Calcul!$BX$60),4,TRUE())&" po · "&FIXED(INDEX(Calcul!$AX$60:$AX$110,Calcul!$BX$60)*25.4,3,TRUE())&" mm")) -> 1/2" · 0.5000 po · 12.700 mm | J14: =IF(Calcul!$BX$60=0,"",INDEX(Calcul!$BE$60:$BE$110,Calcul!$BX$60)) -> 20000 | K14: =IF(Calcul!$BX$60=0,"",ROUND(INDEX(Calcul!$BF$60:$BF$110,Calcul!$BX$60),0)) -> 280 | L14: =IF(Calcul!$BX$60=0,"",ROUND(INDEX(Calcul!$BF$60:$BF$110,Calcul!$BX$60)*25.4,0)) -> 7112 | M14: =IF(Calcul!$BX$60=0,"",INDEX(Calcul!$BA$60:$BA$110,Calcul!$BX$60)) -> 0.007 | N14: =IF(Calcul!$BX$60=0,"",INDEX(Calcul!$BA$60:$BA$110,Calcul!$BX$60)*25.4) -> 0.1778 | O14: =IF(Calcul!$BX$60=0,"",IF(INDEX(Calcul!$AV$60:$AV$110,Calcul!$BX$60)>0,INDEX(Calcul!$AV$60:$AV$110,Calcul!$BX$60),"—")) -> 18000 | P14: =IF(Calcul!$BX$60=0,"",IF(INDEX(Calcul!$AV$60:$AV$110,Calcul!$BX$60)>0,ROUND(INDEX(Calcul!$AV$60:$AV$110,Calcul!$BX$60)*INDEX(Calcul!$U$60:$U$110,Calcul!$BX$60)*INDEX(Calcul!$BA$60:$BA$110,Calcul!$BX$60),0),"—")) -> 252 | Q14: =IF(Calcul!$BX$60=0,"",IF(INDEX(Calcul!$AV$60:$AV$110,Calcul!$BX$60)>0,ROUND(INDEX(Calcul!$AV$60:$AV$110,Calcul!$BX$60)*INDEX(Calcul!$U$60:$U$110,Calcul!$BX$60)*INDEX(Calcul!$BA$60:$BA$110,Calcul!$BX$60)*25.4,0),"—")) -> 6401 | R14: =IF(Calcul!$BX$60=0,"",IF(INDEX(Calcul!$AP$60:$AP$110,Calcul!$BX$60)="","—",INDEX(Calcul!$AP$60:$AP$110,Calcul!$BX$60))) -> 66-300 | S14: =IF(Calcul!$BX$60=0,"",CHOOSE(INDEX(Calcul!$AS$60:$AS$110,Calcul!$BX$60)+1,"—","Bon choix","Meilleur choix","Choix idéal")) -> — | T14: =IF(Calcul!$BX$60=0,"",Calcul!$I$11) -> 160–180 po/min | U14: =IF(Calcul!$BX$60=0,"",INDEX(Calcul!$Y$60:$Y$110,Calcul!$BX$60)&"") -> A-1-F-2 | V14: =IF(Calcul!$BX$60=0,"",INDEX(Calcul!$Z$60:$Z$110,Calcul!$BX$60)&"")
A15: 2e choix | B15: =IF(Calcul!$BX$61=0,"",IF(INDEX(Calcul!$AU$60:$AU$110,Calcul!$BX$61)=1,"Estimation, à vérifier","Conforme Onsrud")) -> Conforme Onsrud | C15: =IF(Calcul!$BX$61=0,"",INDEX(Calcul!$R$60:$R$110,Calcul!$BX$61)) -> EM0011 | D15: =IF(Calcul!$BX$61=0,"",INDEX(Calcul!$W$60:$W$110,Calcul!$BX$61)&"") -> Upcut | E15: =IF(Calcul!$BX$61=0,"",IF(NOT(ISNUMBER(INDEX(Calcul!$S$60:$S$110,Calcul!$BX$61))),"",IF(NOT(ISNUMBER(INDEX(Calcul!$S$60:$S$110,Calcul!$BX$61))),"",IF(INDEX(Calcul!$S$60:$S$110,Calcul!$BX$61)<=0,"",IF(ABS(INDEX(Calcul!$S$60:$S$110,Calcul!$BX$61)*64-ROUND(INDEX(Calcul!$S$60:$S$110,Calcul!$BX$61)*64,0))>0.0005,"≈ ","")&IF(INT(ROUND(INDEX(Calcul!$S$60:$S$110,Calcul!$BX$61)*64,0)/64)>0,INT(ROUND(INDEX(Calcul!$S$60:$S$110,Calcul!$BX$61)*64,0)/64)&IF(MOD(ROUND(INDEX(Calcul!$S$60:$S$110,Calcul!$BX$61)*64,0),64)>0," ",""),"")&IF(MOD(ROUND(INDEX(Calcul!$S$60:$S$110,Calcul!$BX$61)*64,0),64)>0,MOD(ROUND(INDEX(Calcul!$S$60:$S$110,Calcul!$BX$61)*64,0),64)/GCD(MOD(ROUND(INDEX(Calcul!$S$60:$S$110,Calcul!$BX$61)*64,0),64),64)&"/"&64/GCD(MOD(ROUND(INDEX(Calcul!$S$60:$S$110,Calcul!$BX$61)*64,0),64),64),IF(ROUND(INDEX(Calcul!$S$60:$S$110,Calcul!$BX$61)*64,0)=0,"0",""))&""""))&" · "&FIXED(INDEX(Calcul!$S$60:$S$110,Calcul!$BX$61),4,TRUE())&" po · "&FIXED(INDEX(Calcul!$S$60:$S$110,Calcul!$BX$61)*25.4,3,TRUE())&" mm")) -> 3/8" · 0.3750 po · 9.525 mm | F15: =IF(Calcul!$BX$61=0,"",IF(NOT(ISNUMBER(INDEX(Calcul!$T$60:$T$110,Calcul!$BX$61))),"",IF(NOT(ISNUMBER(INDEX(Calcul!$T$60:$T$110,Calcul!$BX$61))),"",IF(INDEX(Calcul!$T$60:$T$110,Calcul!$BX$61)<=0,"",IF(ABS(INDEX(Calcul!$T$60:$T$110,Calcul!$BX$61)*64-ROUND(INDEX(Calcul!$T$60:$T$110,Calcul!$BX$61)*64,0))>0.0005,"≈ ","")&IF(INT(ROUND(INDEX(Calcul!$T$60:$T$110,Calcul!$BX$61)*64,0)/64)>0,INT(ROUND(INDEX(Calcul!$T$60:$T$110,Calcul!$BX$61)*64,0)/64)&IF(MOD(ROUND(INDEX(Calcul!$T$60:$T$110,Calcul!$BX$61)*64,0),64)>0," ",""),"")&IF(MOD(ROUND(INDEX(Calcul!$T$60:$T$110,Calcul!$BX$61)*64,0),64)>0,MOD(ROUND(INDEX(Calcul!$T$60:$T$110,Calcul!$BX$61)*64,0),64)/GCD(MOD(ROUND(INDEX(Calcul!$T$60:$T$110,Calcul!$BX$61)*64,0),64),64)&"/"&64/GCD(MOD(ROUND(INDEX(Calcul!$T$60:$T$110,Calcul!$BX$61)*64,0),64),64),IF(ROUND(INDEX(Calcul!$T$60:$T$110,Calcul!$BX$61)*64,0)=0,"0",""))&""""))&" · "&FIXED(INDEX(Calcul!$T$60:$T$110,Calcul!$BX$61),4,TRUE())&" po · "&FIXED(INDEX(Calcul!$T$60:$T$110,Calcul!$BX$61)*25.4,3,TRUE())&" mm")) -> 5/8" · 0.6250 po · 15.875 mm | G15: =IF(OR(Calcul!$BX$61=0,Calcul!$I$10<=0),"",IF(ISNUMBER(INDEX(Calcul!$T$60:$T$110,Calcul!$BX$61)),IF(INDEX(Calcul!$T$60:$T$110,Calcul!$BX$61)-Calcul!$I$10<0.0005,"pile l'épaisseur",IF(NOT(ISNUMBER((INDEX(Calcul!$T$60:$T$110,Calcul!$BX$61)-Calcul!$I$10))),"",IF(NOT(ISNUMBER((INDEX(Calcul!$T$60:$T$110,Calcul!$BX$61)-Calcul!$I$10))),"",IF((INDEX(Calcul!$T$60:$T$110,Calcul!$BX$61)-Calcul!$I$10)<=0,"",IF(ABS((INDEX(Calcul!$T$60:$T$110,Calcul!$BX$61)-Calcul!$I$10)*64-ROUND((INDEX(Calcul!$T$60:$T$110,Calcul!$BX$61)-Calcul!$I$10)*64,0))>0.0005,"≈ ","")&IF(INT(ROUND((INDEX(Calcul!$T$60:$T$110,Calcul!$BX$61)-Calcul!$I$10)*64,0)/64)>0,INT(ROUND((INDEX(Calcul!$T$60:$T$110,Calcul!$BX$61)-Calcul!$I$10)*64,0)/64)&IF(MOD(ROUND((INDEX(Calcul!$T$60:$T$110,Calcul!$BX$61)-Calcul!$I$10)*64,0),64)>0," ",""),"")&IF(MOD(ROUND((INDEX(Calcul!$T$60:$T$110,Calcul!$BX$61)-Calcul!$I$10)*64,0),64)>0,MOD(ROUND((INDEX(Calcul!$T$60:$T$110,Calcul!$BX$61)-Calcul!$I$10)*64,0),64)/GCD(MOD(ROUND((INDEX(Calcul!$T$60:$T$110,Calcul!$BX$61)-Calcul!$I$10)*64,0),64),64)&"/"&64/GCD(MOD(ROUND((INDEX(Calcul!$T$60:$T$110,Calcul!$BX$61)-Calcul!$I$10)*64,0),64),64),IF(ROUND((INDEX(Calcul!$T$60:$T$110,Calcul!$BX$61)-Calcul!$I$10)*64,0)=0,"0",""))&""""))&" · "&FIXED((INDEX(Calcul!$T$60:$T$110,Calcul!$BX$61)-Calcul!$I$10),4,TRUE())&" po · "&FIXED((INDEX(Calcul!$T$60:$T$110,Calcul!$BX$61)-Calcul!$I$10)*25.4,3,TRUE())&" mm")),"")) -> 1/8" · 0.1250 po · 3.175 mm | H15: =IF(Calcul!$BX$61=0,"",INDEX(Calcul!$AW$60:$AW$110,Calcul!$BX$61)) -> 2 | I15: =IF(OR(Calcul!$BX$61=0,Calcul!$I$10<=0),"",IF(NOT(ISNUMBER(INDEX(Calcul!$AX$60:$AX$110,Calcul!$BX$61))),"",IF(NOT(ISNUMBER(INDEX(Calcul!$AX$60:$AX$110,Calcul!$BX$61))),"",IF(INDEX(Calcul!$AX$60:$AX$110,Calcul!$BX$61)<=0,"",IF(ABS(INDEX(Calcul!$AX$60:$AX$110,Calcul!$BX$61)*64-ROUND(INDEX(Calcul!$AX$60:$AX$110,Calcul!$BX$61)*64,0))>0.0005,"≈ ","")&IF(INT(ROUND(INDEX(Calcul!$AX$60:$AX$110,Calcul!$BX$61)*64,0)/64)>0,INT(ROUND(INDEX(Calcul!$AX$60:$AX$110,Calcul!$BX$61)*64,0)/64)&IF(MOD(ROUND(INDEX(Calcul!$AX$60:$AX$110,Calcul!$BX$61)*64,0),64)>0," ",""),"")&IF(MOD(ROUND(INDEX(Calcul!$AX$60:$AX$110,Calcul!$BX$61)*64,0),64)>0,MOD(ROUND(INDEX(Calcul!$AX$60:$AX$110,Calcul!$BX$61)*64,0),64)/GCD(MOD(ROUND(INDEX(Calcul!$AX$60:$AX$110,Calcul!$BX$61)*64,0),64),64)&"/"&64/GCD(MOD(ROUND(INDEX(Calcul!$AX$60:$AX$110,Calcul!$BX$61)*64,0),64),64),IF(ROUND(INDEX(Calcul!$AX$60:$AX$110,Calcul!$BX$61)*64,0)=0,"0",""))&""""))&" · "&FIXED(INDEX(Calcul!$AX$60:$AX$110,Calcul!$BX$61),4,TRUE())&" po · "&FIXED(INDEX(Calcul!$AX$60:$AX$110,Calcul!$BX$61)*25.4,3,TRUE())&" mm")) -> 1/4" · 0.2500 po · 6.350 mm | J15: =IF(Calcul!$BX$61=0,"",INDEX(Calcul!$BE$60:$BE$110,Calcul!$BX$61)) -> 23000 | K15: =IF(Calcul!$BX$61=0,"",ROUND(INDEX(Calcul!$BF$60:$BF$110,Calcul!$BX$61),0)) -> 322 | L15: =IF(Calcul!$BX$61=0,"",ROUND(INDEX(Calcul!$BF$60:$BF$110,Calcul!$BX$61)*25.4,0)) -> 8179 | M15: =IF(Calcul!$BX$61=0,"",INDEX(Calcul!$BA$60:$BA$110,Calcul!$BX$61)) -> 0.007 | N15: =IF(Calcul!$BX$61=0,"",INDEX(Calcul!$BA$60:$BA$110,Calcul!$BX$61)*25.4) -> 0.1778 | O15: =IF(Calcul!$BX$61=0,"",IF(INDEX(Calcul!$AV$60:$AV$110,Calcul!$BX$61)>0,INDEX(Calcul!$AV$60:$AV$110,Calcul!$BX$61),"—")) -> 18000 | P15: =IF(Calcul!$BX$61=0,"",IF(INDEX(Calcul!$AV$60:$AV$110,Calcul!$BX$61)>0,ROUND(INDEX(Calcul!$AV$60:$AV$110,Calcul!$BX$61)*INDEX(Calcul!$U$60:$U$110,Calcul!$BX$61)*INDEX(Calcul!$BA$60:$BA$110,Calcul!$BX$61),0),"—")) -> 252 | Q15: =IF(Calcul!$BX$61=0,"",IF(INDEX(Calcul!$AV$60:$AV$110,Calcul!$BX$61)>0,ROUND(INDEX(Calcul!$AV$60:$AV$110,Calcul!$BX$61)*INDEX(Calcul!$U$60:$U$110,Calcul!$BX$61)*INDEX(Calcul!$BA$60:$BA$110,Calcul!$BX$61)*25.4,0),"—")) -> 6401 | R15: =IF(Calcul!$BX$61=0,"",IF(INDEX(Calcul!$AP$60:$AP$110,Calcul!$BX$61)="","—",INDEX(Calcul!$AP$60:$AP$110,Calcul!$BX$61))) -> 66-300 | S15: =IF(Calcul!$BX$61=0,"",CHOOSE(INDEX(Calcul!$AS$60:$AS$110,Calcul!$BX$61)+1,"—","Bon choix","Meilleur choix","Choix idéal")) -> — | T15: =IF(Calcul!$BX$61=0,"",Calcul!$I$11) -> 160–180 po/min | U15: =IF(Calcul!$BX$61=0,"",INDEX(Calcul!$Y$60:$Y$110,Calcul!$BX$61)&"") -> A-1-C-2 | V15: =IF(Calcul!$BX$61=0,"",INDEX(Calcul!$Z$60:$Z$110,Calcul!$BX$61)&"") -> Pocket, Surface
A16: 3e choix | B16: =IF(Calcul!$BX$62=0,"",IF(INDEX(Calcul!$AU$60:$AU$110,Calcul!$BX$62)=1,"Estimation, à vérifier","Conforme Onsrud")) -> Conforme Onsrud | C16: =IF(Calcul!$BX$62=0,"",INDEX(Calcul!$R$60:$R$110,Calcul!$BX$62)) -> EM0008 | D16: =IF(Calcul!$BX$62=0,"",INDEX(Calcul!$W$60:$W$110,Calcul!$BX$62)&"") -> Upcut | E16: =IF(Calcul!$BX$62=0,"",IF(NOT(ISNUMBER(INDEX(Calcul!$S$60:$S$110,Calcul!$BX$62))),"",IF(NOT(ISNUMBER(INDEX(Calcul!$S$60:$S$110,Calcul!$BX$62))),"",IF(INDEX(Calcul!$S$60:$S$110,Calcul!$BX$62)<=0,"",IF(ABS(INDEX(Calcul!$S$60:$S$110,Calcul!$BX$62)*64-ROUND(INDEX(Calcul!$S$60:$S$110,Calcul!$BX$62)*64,0))>0.0005,"≈ ","")&IF(INT(ROUND(INDEX(Calcul!$S$60:$S$110,Calcul!$BX$62)*64,0)/64)>0,INT(ROUND(INDEX(Calcul!$S$60:$S$110,Calcul!$BX$62)*64,0)/64)&IF(MOD(ROUND(INDEX(Calcul!$S$60:$S$110,Calcul!$BX$62)*64,0),64)>0," ",""),"")&IF(MOD(ROUND(INDEX(Calcul!$S$60:$S$110,Calcul!$BX$62)*64,0),64)>0,MOD(ROUND(INDEX(Calcul!$S$60:$S$110,Calcul!$BX$62)*64,0),64)/GCD(MOD(ROUND(INDEX(Calcul!$S$60:$S$110,Calcul!$BX$62)*64,0),64),64)&"/"&64/GCD(MOD(ROUND(INDEX(Calcul!$S$60:$S$110,Calcul!$BX$62)*64,0),64),64),IF(ROUND(INDEX(Calcul!$S$60:$S$110,Calcul!$BX$62)*64,0)=0,"0",""))&""""))&" · "&FIXED(INDEX(Calcul!$S$60:$S$110,Calcul!$BX$62),4,TRUE())&" po · "&FIXED(INDEX(Calcul!$S$60:$S$110,Calcul!$BX$62)*25.4,3,TRUE())&" mm")) -> 1/4" · 0.2500 po · 6.350 mm | F16: =IF(Calcul!$BX$62=0,"",IF(NOT(ISNUMBER(INDEX(Calcul!$T$60:$T$110,Calcul!$BX$62))),"",IF(NOT(ISNUMBER(INDEX(Calcul!$T$60:$T$110,Calcul!$BX$62))),"",IF(INDEX(Calcul!$T$60:$T$110,Calcul!$BX$62)<=0,"",IF(ABS(INDEX(Calcul!$T$60:$T$110,Calcul!$BX$62)*64-ROUND(INDEX(Calcul!$T$60:$T$110,Calcul!$BX$62)*64,0))>0.0005,"≈ ","")&IF(INT(ROUND(INDEX(Calcul!$T$60:$T$110,Calcul!$BX$62)*64,0)/64)>0,INT(ROUND(INDEX(Calcul!$T$60:$T$110,Calcul!$BX$62)*64,0)/64)&IF(MOD(ROUND(INDEX(Calcul!$T$60:$T$110,Calcul!$BX$62)*64,0),64)>0," ",""),"")&IF(MOD(ROUND(INDEX(Calcul!$T$60:$T$110,Calcul!$BX$62)*64,0),64)>0,MOD(ROUND(INDEX(Calcul!$T$60:$T$110,Calcul!$BX$62)*64,0),64)/GCD(MOD(ROUND(INDEX(Calcul!$T$60:$T$110,Calcul!$BX$62)*64,0),64),64)&"/"&64/GCD(MOD(ROUND(INDEX(Calcul!$T$60:$T$110,Calcul!$BX$62)*64,0),64),64),IF(ROUND(INDEX(Calcul!$T$60:$T$110,Calcul!$BX$62)*64,0)=0,"0",""))&""""))&" · "&FIXED(INDEX(Calcul!$T$60:$T$110,Calcul!$BX$62),4,TRUE())&" po · "&FIXED(INDEX(Calcul!$T$60:$T$110,Calcul!$BX$62)*25.4,3,TRUE())&" mm")) -> 3/4" · 0.7500 po · 19.050 mm | G16: =IF(OR(Calcul!$BX$62=0,Calcul!$I$10<=0),"",IF(ISNUMBER(INDEX(Calcul!$T$60:$T$110,Calcul!$BX$62)),IF(INDEX(Calcul!$T$60:$T$110,Calcul!$BX$62)-Calcul!$I$10<0.0005,"pile l'épaisseur",IF(NOT(ISNUMBER((INDEX(Calcul!$T$60:$T$110,Calcul!$BX$62)-Calcul!$I$10))),"",IF(NOT(ISNUMBER((INDEX(Calcul!$T$60:$T$110,Calcul!$BX$62)-Calcul!$I$10))),"",IF((INDEX(Calcul!$T$60:$T$110,Calcul!$BX$62)-Calcul!$I$10)<=0,"",IF(ABS((INDEX(Calcul!$T$60:$T$110,Calcul!$BX$62)-Calcul!$I$10)*64-ROUND((INDEX(Calcul!$T$60:$T$110,Calcul!$BX$62)-Calcul!$I$10)*64,0))>0.0005,"≈ ","")&IF(INT(ROUND((INDEX(Calcul!$T$60:$T$110,Calcul!$BX$62)-Calcul!$I$10)*64,0)/64)>0,INT(ROUND((INDEX(Calcul!$T$60:$T$110,Calcul!$BX$62)-Calcul!$I$10)*64,0)/64)&IF(MOD(ROUND((INDEX(Calcul!$T$60:$T$110,Calcul!$BX$62)-Calcul!$I$10)*64,0),64)>0," ",""),"")&IF(MOD(ROUND((INDEX(Calcul!$T$60:$T$110,Calcul!$BX$62)-Calcul!$I$10)*64,0),64)>0,MOD(ROUND((INDEX(Calcul!$T$60:$T$110,Calcul!$BX$62)-Calcul!$I$10)*64,0),64)/GCD(MOD(ROUND((INDEX(Calcul!$T$60:$T$110,Calcul!$BX$62)-Calcul!$I$10)*64,0),64),64)&"/"&64/GCD(MOD(ROUND((INDEX(Calcul!$T$60:$T$110,Calcul!$BX$62)-Calcul!$I$10)*64,0),64),64),IF(ROUND((INDEX(Calcul!$T$60:$T$110,Calcul!$BX$62)-Calcul!$I$10)*64,0)=0,"0",""))&""""))&" · "&FIXED((INDEX(Calcul!$T$60:$T$110,Calcul!$BX$62)-Calcul!$I$10),4,TRUE())&" po · "&FIXED((INDEX(Calcul!$T$60:$T$110,Calcul!$BX$62)-Calcul!$I$10)*25.4,3,TRUE())&" mm")),"")) -> 1/4" · 0.2500 po · 6.350 mm | H16: =IF(Calcul!$BX$62=0,"",INDEX(Calcul!$AW$60:$AW$110,Calcul!$BX$62)) -> 2 | I16: =IF(OR(Calcul!$BX$62=0,Calcul!$I$10<=0),"",IF(NOT(ISNUMBER(INDEX(Calcul!$AX$60:$AX$110,Calcul!$BX$62))),"",IF(NOT(ISNUMBER(INDEX(Calcul!$AX$60:$AX$110,Calcul!$BX$62))),"",IF(INDEX(Calcul!$AX$60:$AX$110,Calcul!$BX$62)<=0,"",IF(ABS(INDEX(Calcul!$AX$60:$AX$110,Calcul!$BX$62)*64-ROUND(INDEX(Calcul!$AX$60:$AX$110,Calcul!$BX$62)*64,0))>0.0005,"≈ ","")&IF(INT(ROUND(INDEX(Calcul!$AX$60:$AX$110,Calcul!$BX$62)*64,0)/64)>0,INT(ROUND(INDEX(Calcul!$AX$60:$AX$110,Calcul!$BX$62)*64,0)/64)&IF(MOD(ROUND(INDEX(Calcul!$AX$60:$AX$110,Calcul!$BX$62)*64,0),64)>0," ",""),"")&IF(MOD(ROUND(INDEX(Calcul!$AX$60:$AX$110,Calcul!$BX$62)*64,0),64)>0,MOD(ROUND(INDEX(Calcul!$AX$60:$AX$110,Calcul!$BX$62)*64,0),64)/GCD(MOD(ROUND(INDEX(Calcul!$AX$60:$AX$110,Calcul!$BX$62)*64,0),64),64)&"/"&64/GCD(MOD(ROUND(INDEX(Calcul!$AX$60:$AX$110,Calcul!$BX$62)*64,0),64),64),IF(ROUND(INDEX(Calcul!$AX$60:$AX$110,Calcul!$BX$62)*64,0)=0,"0",""))&""""))&" · "&FIXED(INDEX(Calcul!$AX$60:$AX$110,Calcul!$BX$62),4,TRUE())&" po · "&FIXED(INDEX(Calcul!$AX$60:$AX$110,Calcul!$BX$62)*25.4,3,TRUE())&" mm")) -> 1/4" · 0.2500 po · 6.350 mm | J16: =IF(Calcul!$BX$62=0,"",INDEX(Calcul!$BE$60:$BE$110,Calcul!$BX$62)) -> 23000 | K16: =IF(Calcul!$BX$62=0,"",ROUND(INDEX(Calcul!$BF$60:$BF$110,Calcul!$BX$62),0)) -> 253 | L16: =IF(Calcul!$BX$62=0,"",ROUND(INDEX(Calcul!$BF$60:$BF$110,Calcul!$BX$62)*25.4,0)) -> 6426 | M16: =IF(Calcul!$BX$62=0,"",INDEX(Calcul!$BA$60:$BA$110,Calcul!$BX$62)) -> 0.011 | N16: =IF(Calcul!$BX$62=0,"",INDEX(Calcul!$BA$60:$BA$110,Calcul!$BX$62)*25.4) -> 0.2794 | O16: =IF(Calcul!$BX$62=0,"",IF(INDEX(Calcul!$AV$60:$AV$110,Calcul!$BX$62)>0,INDEX(Calcul!$AV$60:$AV$110,Calcul!$BX$62),"—")) -> 18000 | P16: =IF(Calcul!$BX$62=0,"",IF(INDEX(Calcul!$AV$60:$AV$110,Calcul!$BX$62)>0,ROUND(INDEX(Calcul!$AV$60:$AV$110,Calcul!$BX$62)*INDEX(Calcul!$U$60:$U$110,Calcul!$BX$62)*INDEX(Calcul!$BA$60:$BA$110,Calcul!$BX$62),0),"—")) -> 198 | Q16: =IF(Calcul!$BX$62=0,"",IF(INDEX(Calcul!$AV$60:$AV$110,Calcul!$BX$62)>0,ROUND(INDEX(Calcul!$AV$60:$AV$110,Calcul!$BX$62)*INDEX(Calcul!$U$60:$U$110,Calcul!$BX$62)*INDEX(Calcul!$BA$60:$BA$110,Calcul!$BX$62)*25.4,0),"—")) -> 5029 | R16: =IF(Calcul!$BX$62=0,"",IF(INDEX(Calcul!$AP$60:$AP$110,Calcul!$BX$62)="","—",INDEX(Calcul!$AP$60:$AP$110,Calcul!$BX$62))) -> 63-700 | S16: =IF(Calcul!$BX$62=0,"",CHOOSE(INDEX(Calcul!$AS$60:$AS$110,Calcul!$BX$62)+1,"—","Bon choix","Meilleur choix","Choix idéal")) -> Choix idéal | T16: =IF(Calcul!$BX$62=0,"",Calcul!$I$11) -> 160–180 po/min | U16: =IF(Calcul!$BX$62=0,"",INDEX(Calcul!$Y$60:$Y$110,Calcul!$BX$62)&"") -> A-1-B-3 | V16: =IF(Calcul!$BX$62=0,"",INDEX(Calcul!$Z$60:$Z$110,Calcul!$BX$62)&"")
A17: 4e choix | B17: =IF(Calcul!$BX$63=0,"",IF(INDEX(Calcul!$AU$60:$AU$110,Calcul!$BX$63)=1,"Estimation, à vérifier","Conforme Onsrud")) -> Conforme Onsrud | C17: =IF(Calcul!$BX$63=0,"",INDEX(Calcul!$R$60:$R$110,Calcul!$BX$63)) -> EM0049 | D17: =IF(Calcul!$BX$63=0,"",INDEX(Calcul!$W$60:$W$110,Calcul!$BX$63)&"") -> Upcut | E17: =IF(Calcul!$BX$63=0,"",IF(NOT(ISNUMBER(INDEX(Calcul!$S$60:$S$110,Calcul!$BX$63))),"",IF(NOT(ISNUMBER(INDEX(Calcul!$S$60:$S$110,Calcul!$BX$63))),"",IF(INDEX(Calcul!$S$60:$S$110,Calcul!$BX$63)<=0,"",IF(ABS(INDEX(Calcul!$S$60:$S$110,Calcul!$BX$63)*64-ROUND(INDEX(Calcul!$S$60:$S$110,Calcul!$BX$63)*64,0))>0.0005,"≈ ","")&IF(INT(ROUND(INDEX(Calcul!$S$60:$S$110,Calcul!$BX$63)*64,0)/64)>0,INT(ROUND(INDEX(Calcul!$S$60:$S$110,Calcul!$BX$63)*64,0)/64)&IF(MOD(ROUND(INDEX(Calcul!$S$60:$S$110,Calcul!$BX$63)*64,0),64)>0," ",""),"")&IF(MOD(ROUND(INDEX(Calcul!$S$60:$S$110,Calcul!$BX$63)*64,0),64)>0,MOD(ROUND(INDEX(Calcul!$S$60:$S$110,Calcul!$BX$63)*64,0),64)/GCD(MOD(ROUND(INDEX(Calcul!$S$60:$S$110,Calcul!$BX$63)*64,0),64),64)&"/"&64/GCD(MOD(ROUND(INDEX(Calcul!$S$60:$S$110,Calcul!$BX$63)*64,0),64),64),IF(ROUND(INDEX(Calcul!$S$60:$S$110,Calcul!$BX$63)*64,0)=0,"0",""))&""""))&" · "&FIXED(INDEX(Calcul!$S$60:$S$110,Calcul!$BX$63),4,TRUE())&" po · "&FIXED(INDEX(Calcul!$S$60:$S$110,Calcul!$BX$63)*25.4,3,TRUE())&" mm")) -> 3/16" · 0.1875 po · 4.762 mm | F17: =IF(Calcul!$BX$63=0,"",IF(NOT(ISNUMBER(INDEX(Calcul!$T$60:$T$110,Calcul!$BX$63))),"",IF(NOT(ISNUMBER(INDEX(Calcul!$T$60:$T$110,Calcul!$BX$63))),"",IF(INDEX(Calcul!$T$60:$T$110,Calcul!$BX$63)<=0,"",IF(ABS(INDEX(Calcul!$T$60:$T$110,Calcul!$BX$63)*64-ROUND(INDEX(Calcul!$T$60:$T$110,Calcul!$BX$63)*64,0))>0.0005,"≈ ","")&IF(INT(ROUND(INDEX(Calcul!$T$60:$T$110,Calcul!$BX$63)*64,0)/64)>0,INT(ROUND(INDEX(Calcul!$T$60:$T$110,Calcul!$BX$63)*64,0)/64)&IF(MOD(ROUND(INDEX(Calcul!$T$60:$T$110,Calcul!$BX$63)*64,0),64)>0," ",""),"")&IF(MOD(ROUND(INDEX(Calcul!$T$60:$T$110,Calcul!$BX$63)*64,0),64)>0,MOD(ROUND(INDEX(Calcul!$T$60:$T$110,Calcul!$BX$63)*64,0),64)/GCD(MOD(ROUND(INDEX(Calcul!$T$60:$T$110,Calcul!$BX$63)*64,0),64),64)&"/"&64/GCD(MOD(ROUND(INDEX(Calcul!$T$60:$T$110,Calcul!$BX$63)*64,0),64),64),IF(ROUND(INDEX(Calcul!$T$60:$T$110,Calcul!$BX$63)*64,0)=0,"0",""))&""""))&" · "&FIXED(INDEX(Calcul!$T$60:$T$110,Calcul!$BX$63),4,TRUE())&" po · "&FIXED(INDEX(Calcul!$T$60:$T$110,Calcul!$BX$63)*25.4,3,TRUE())&" mm")) -> 1 1/4" · 1.2500 po · 31.750 mm | G17: =IF(OR(Calcul!$BX$63=0,Calcul!$I$10<=0),"",IF(ISNUMBER(INDEX(Calcul!$T$60:$T$110,Calcul!$BX$63)),IF(INDEX(Calcul!$T$60:$T$110,Calcul!$BX$63)-Calcul!$I$10<0.0005,"pile l'épaisseur",IF(NOT(ISNUMBER((INDEX(Calcul!$T$60:$T$110,Calcul!$BX$63)-Calcul!$I$10))),"",IF(NOT(ISNUMBER((INDEX(Calcul!$T$60:$T$110,Calcul!$BX$63)-Calcul!$I$10))),"",IF((INDEX(Calcul!$T$60:$T$110,Calcul!$BX$63)-Calcul!$I$10)<=0,"",IF(ABS((INDEX(Calcul!$T$60:$T$110,Calcul!$BX$63)-Calcul!$I$10)*64-ROUND((INDEX(Calcul!$T$60:$T$110,Calcul!$BX$63)-Calcul!$I$10)*64,0))>0.0005,"≈ ","")&IF(INT(ROUND((INDEX(Calcul!$T$60:$T$110,Calcul!$BX$63)-Calcul!$I$10)*64,0)/64)>0,INT(ROUND((INDEX(Calcul!$T$60:$T$110,Calcul!$BX$63)-Calcul!$I$10)*64,0)/64)&IF(MOD(ROUND((INDEX(Calcul!$T$60:$T$110,Calcul!$BX$63)-Calcul!$I$10)*64,0),64)>0," ",""),"")&IF(MOD(ROUND((INDEX(Calcul!$T$60:$T$110,Calcul!$BX$63)-Calcul!$I$10)*64,0),64)>0,MOD(ROUND((INDEX(Calcul!$T$60:$T$110,Calcul!$BX$63)-Calcul!$I$10)*64,0),64)/GCD(MOD(ROUND((INDEX(Calcul!$T$60:$T$110,Calcul!$BX$63)-Calcul!$I$10)*64,0),64),64)&"/"&64/GCD(MOD(ROUND((INDEX(Calcul!$T$60:$T$110,Calcul!$BX$63)-Calcul!$I$10)*64,0),64),64),IF(ROUND((INDEX(Calcul!$T$60:$T$110,Calcul!$BX$63)-Calcul!$I$10)*64,0)=0,"0",""))&""""))&" · "&FIXED((INDEX(Calcul!$T$60:$T$110,Calcul!$BX$63)-Calcul!$I$10),4,TRUE())&" po · "&FIXED((INDEX(Calcul!$T$60:$T$110,Calcul!$BX$63)-Calcul!$I$10)*25.4,3,TRUE())&" mm")),"")) -> 3/4" · 0.7500 po · 19.050 mm | H17: =IF(Calcul!$BX$63=0,"",INDEX(Calcul!$AW$60:$AW$110,Calcul!$BX$63)) -> 3 | I17: =IF(OR(Calcul!$BX$63=0,Calcul!$I$10<=0),"",IF(NOT(ISNUMBER(INDEX(Calcul!$AX$60:$AX$110,Calcul!$BX$63))),"",IF(NOT(ISNUMBER(INDEX(Calcul!$AX$60:$AX$110,Calcul!$BX$63))),"",IF(INDEX(Calcul!$AX$60:$AX$110,Calcul!$BX$63)<=0,"",IF(ABS(INDEX(Calcul!$AX$60:$AX$110,Calcul!$BX$63)*64-ROUND(INDEX(Calcul!$AX$60:$AX$110,Calcul!$BX$63)*64,0))>0.0005,"≈ ","")&IF(INT(ROUND(INDEX(Calcul!$AX$60:$AX$110,Calcul!$BX$63)*64,0)/64)>0,INT(ROUND(INDEX(Calcul!$AX$60:$AX$110,Calcul!$BX$63)*64,0)/64)&IF(MOD(ROUND(INDEX(Calcul!$AX$60:$AX$110,Calcul!$BX$63)*64,0),64)>0," ",""),"")&IF(MOD(ROUND(INDEX(Calcul!$AX$60:$AX$110,Calcul!$BX$63)*64,0),64)>0,MOD(ROUND(INDEX(Calcul!$AX$60:$AX$110,Calcul!$BX$63)*64,0),64)/GCD(MOD(ROUND(INDEX(Calcul!$AX$60:$AX$110,Calcul!$BX$63)*64,0),64),64)&"/"&64/GCD(MOD(ROUND(INDEX(Calcul!$AX$60:$AX$110,Calcul!$BX$63)*64,0),64),64),IF(ROUND(INDEX(Calcul!$AX$60:$AX$110,Calcul!$BX$63)*64,0)=0,"0",""))&""""))&" · "&FIXED(INDEX(Calcul!$AX$60:$AX$110,Calcul!$BX$63),4,TRUE())&" po · "&FIXED(INDEX(Calcul!$AX$60:$AX$110,Calcul!$BX$63)*25.4,3,TRUE())&" mm")) -> ≈ 11/64" · 0.1667 po · 4.233 mm | J17: =IF(Calcul!$BX$63=0,"",INDEX(Calcul!$BE$60:$BE$110,Calcul!$BX$63)) -> 23000 | K17: =IF(Calcul!$BX$63=0,"",ROUND(INDEX(Calcul!$BF$60:$BF$110,Calcul!$BX$63),0)) -> 207 | L17: =IF(Calcul!$BX$63=0,"",ROUND(INDEX(Calcul!$BF$60:$BF$110,Calcul!$BX$63)*25.4,0)) -> 5258 | M17: =IF(Calcul!$BX$63=0,"",INDEX(Calcul!$BA$60:$BA$110,Calcul!$BX$63)) -> 0.009 | N17: =IF(Calcul!$BX$63=0,"",INDEX(Calcul!$BA$60:$BA$110,Calcul!$BX$63)*25.4) -> 0.2286 | O17: =IF(Calcul!$BX$63=0,"",IF(INDEX(Calcul!$AV$60:$AV$110,Calcul!$BX$63)>0,INDEX(Calcul!$AV$60:$AV$110,Calcul!$BX$63),"—")) -> 18000 | P17: =IF(Calcul!$BX$63=0,"",IF(INDEX(Calcul!$AV$60:$AV$110,Calcul!$BX$63)>0,ROUND(INDEX(Calcul!$AV$60:$AV$110,Calcul!$BX$63)*INDEX(Calcul!$U$60:$U$110,Calcul!$BX$63)*INDEX(Calcul!$BA$60:$BA$110,Calcul!$BX$63),0),"—")) -> 162 | Q17: =IF(Calcul!$BX$63=0,"",IF(INDEX(Calcul!$AV$60:$AV$110,Calcul!$BX$63)>0,ROUND(INDEX(Calcul!$AV$60:$AV$110,Calcul!$BX$63)*INDEX(Calcul!$U$60:$U$110,Calcul!$BX$63)*INDEX(Calcul!$BA$60:$BA$110,Calcul!$BX$63)*25.4,0),"—")) -> 4115 | R17: =IF(Calcul!$BX$63=0,"",IF(INDEX(Calcul!$AP$60:$AP$110,Calcul!$BX$63)="","—",INDEX(Calcul!$AP$60:$AP$110,Calcul!$BX$63))) -> 64-000/65-000 | S17: =IF(Calcul!$BX$63=0,"",CHOOSE(INDEX(Calcul!$AS$60:$AS$110,Calcul!$BX$63)+1,"—","Bon choix","Meilleur choix","Choix idéal")) -> Meilleur choix | T17: =IF(Calcul!$BX$63=0,"",Calcul!$I$11) -> 160–180 po/min | U17: =IF(Calcul!$BX$63=0,"",INDEX(Calcul!$Y$60:$Y$110,Calcul!$BX$63)&"") -> A-1-B-4 | V17: =IF(Calcul!$BX$63=0,"",INDEX(Calcul!$Z$60:$Z$110,Calcul!$BX$63)&"") -> Long LOC
A18: 5e choix | B18: =IF(Calcul!$BX$64=0,"",IF(INDEX(Calcul!$AU$60:$AU$110,Calcul!$BX$64)=1,"Estimation, à vérifier","Conforme Onsrud")) -> Conforme Onsrud | C18: =IF(Calcul!$BX$64=0,"",INDEX(Calcul!$R$60:$R$110,Calcul!$BX$64)) -> EM0005 | D18: =IF(Calcul!$BX$64=0,"",INDEX(Calcul!$W$60:$W$110,Calcul!$BX$64)&"") -> Upcut | E18: =IF(Calcul!$BX$64=0,"",IF(NOT(ISNUMBER(INDEX(Calcul!$S$60:$S$110,Calcul!$BX$64))),"",IF(NOT(ISNUMBER(INDEX(Calcul!$S$60:$S$110,Calcul!$BX$64))),"",IF(INDEX(Calcul!$S$60:$S$110,Calcul!$BX$64)<=0,"",IF(ABS(INDEX(Calcul!$S$60:$S$110,Calcul!$BX$64)*64-ROUND(INDEX(Calcul!$S$60:$S$110,Calcul!$BX$64)*64,0))>0.0005,"≈ ","")&IF(INT(ROUND(INDEX(Calcul!$S$60:$S$110,Calcul!$BX$64)*64,0)/64)>0,INT(ROUND(INDEX(Calcul!$S$60:$S$110,Calcul!$BX$64)*64,0)/64)&IF(MOD(ROUND(INDEX(Calcul!$S$60:$S$110,Calcul!$BX$64)*64,0),64)>0," ",""),"")&IF(MOD(ROUND(INDEX(Calcul!$S$60:$S$110,Calcul!$BX$64)*64,0),64)>0,MOD(ROUND(INDEX(Calcul!$S$60:$S$110,Calcul!$BX$64)*64,0),64)/GCD(MOD(ROUND(INDEX(Calcul!$S$60:$S$110,Calcul!$BX$64)*64,0),64),64)&"/"&64/GCD(MOD(ROUND(INDEX(Calcul!$S$60:$S$110,Calcul!$BX$64)*64,0),64),64),IF(ROUND(INDEX(Calcul!$S$60:$S$110,Calcul!$BX$64)*64,0)=0,"0",""))&""""))&" · "&FIXED(INDEX(Calcul!$S$60:$S$110,Calcul!$BX$64),4,TRUE())&" po · "&FIXED(INDEX(Calcul!$S$60:$S$110,Calcul!$BX$64)*25.4,3,TRUE())&" mm")) -> 1/8" · 0.1250 po · 3.175 mm | F18: =IF(Calcul!$BX$64=0,"",IF(NOT(ISNUMBER(INDEX(Calcul!$T$60:$T$110,Calcul!$BX$64))),"",IF(NOT(ISNUMBER(INDEX(Calcul!$T$60:$T$110,Calcul!$BX$64))),"",IF(INDEX(Calcul!$T$60:$T$110,Calcul!$BX$64)<=0,"",IF(ABS(INDEX(Calcul!$T$60:$T$110,Calcul!$BX$64)*64-ROUND(INDEX(Calcul!$T$60:$T$110,Calcul!$BX$64)*64,0))>0.0005,"≈ ","")&IF(INT(ROUND(INDEX(Calcul!$T$60:$T$110,Calcul!$BX$64)*64,0)/64)>0,INT(ROUND(INDEX(Calcul!$T$60:$T$110,Calcul!$BX$64)*64,0)/64)&IF(MOD(ROUND(INDEX(Calcul!$T$60:$T$110,Calcul!$BX$64)*64,0),64)>0," ",""),"")&IF(MOD(ROUND(INDEX(Calcul!$T$60:$T$110,Calcul!$BX$64)*64,0),64)>0,MOD(ROUND(INDEX(Calcul!$T$60:$T$110,Calcul!$BX$64)*64,0),64)/GCD(MOD(ROUND(INDEX(Calcul!$T$60:$T$110,Calcul!$BX$64)*64,0),64),64)&"/"&64/GCD(MOD(ROUND(INDEX(Calcul!$T$60:$T$110,Calcul!$BX$64)*64,0),64),64),IF(ROUND(INDEX(Calcul!$T$60:$T$110,Calcul!$BX$64)*64,0)=0,"0",""))&""""))&" · "&FIXED(INDEX(Calcul!$T$60:$T$110,Calcul!$BX$64),4,TRUE())&" po · "&FIXED(INDEX(Calcul!$T$60:$T$110,Calcul!$BX$64)*25.4,3,TRUE())&" mm")) -> 1/2" · 0.5000 po · 12.700 mm | G18: =IF(OR(Calcul!$BX$64=0,Calcul!$I$10<=0),"",IF(ISNUMBER(INDEX(Calcul!$T$60:$T$110,Calcul!$BX$64)),IF(INDEX(Calcul!$T$60:$T$110,Calcul!$BX$64)-Calcul!$I$10<0.0005,"pile l'épaisseur",IF(NOT(ISNUMBER((INDEX(Calcul!$T$60:$T$110,Calcul!$BX$64)-Calcul!$I$10))),"",IF(NOT(ISNUMBER((INDEX(Calcul!$T$60:$T$110,Calcul!$BX$64)-Calcul!$I$10))),"",IF((INDEX(Calcul!$T$60:$T$110,Calcul!$BX$64)-Calcul!$I$10)<=0,"",IF(ABS((INDEX(Calcul!$T$60:$T$110,Calcul!$BX$64)-Calcul!$I$10)*64-ROUND((INDEX(Calcul!$T$60:$T$110,Calcul!$BX$64)-Calcul!$I$10)*64,0))>0.0005,"≈ ","")&IF(INT(ROUND((INDEX(Calcul!$T$60:$T$110,Calcul!$BX$64)-Calcul!$I$10)*64,0)/64)>0,INT(ROUND((INDEX(Calcul!$T$60:$T$110,Calcul!$BX$64)-Calcul!$I$10)*64,0)/64)&IF(MOD(ROUND((INDEX(Calcul!$T$60:$T$110,Calcul!$BX$64)-Calcul!$I$10)*64,0),64)>0," ",""),"")&IF(MOD(ROUND((INDEX(Calcul!$T$60:$T$110,Calcul!$BX$64)-Calcul!$I$10)*64,0),64)>0,MOD(ROUND((INDEX(Calcul!$T$60:$T$110,Calcul!$BX$64)-Calcul!$I$10)*64,0),64)/GCD(MOD(ROUND((INDEX(Calcul!$T$60:$T$110,Calcul!$BX$64)-Calcul!$I$10)*64,0),64),64)&"/"&64/GCD(MOD(ROUND((INDEX(Calcul!$T$60:$T$110,Calcul!$BX$64)-Calcul!$I$10)*64,0),64),64),IF(ROUND((INDEX(Calcul!$T$60:$T$110,Calcul!$BX$64)-Calcul!$I$10)*64,0)=0,"0",""))&""""))&" · "&FIXED((INDEX(Calcul!$T$60:$T$110,Calcul!$BX$64)-Calcul!$I$10),4,TRUE())&" po · "&FIXED((INDEX(Calcul!$T$60:$T$110,Calcul!$BX$64)-Calcul!$I$10)*25.4,3,TRUE())&" mm")),"")) -> pile l'épaisseur | H18: =IF(Calcul!$BX$64=0,"",INDEX(Calcul!$AW$60:$AW$110,Calcul!$BX$64)) -> 4 | I18: =IF(OR(Calcul!$BX$64=0,Calcul!$I$10<=0),"",IF(NOT(ISNUMBER(INDEX(Calcul!$AX$60:$AX$110,Calcul!$BX$64))),"",IF(NOT(ISNUMBER(INDEX(Calcul!$AX$60:$AX$110,Calcul!$BX$64))),"",IF(INDEX(Calcul!$AX$60:$AX$110,Calcul!$BX$64)<=0,"",IF(ABS(INDEX(Calcul!$AX$60:$AX$110,Calcul!$BX$64)*64-ROUND(INDEX(Calcul!$AX$60:$AX$110,Calcul!$BX$64)*64,0))>0.0005,"≈ ","")&IF(INT(ROUND(INDEX(Calcul!$AX$60:$AX$110,Calcul!$BX$64)*64,0)/64)>0,INT(ROUND(INDEX(Calcul!$AX$60:$AX$110,Calcul!$BX$64)*64,0)/64)&IF(MOD(ROUND(INDEX(Calcul!$AX$60:$AX$110,Calcul!$BX$64)*64,0),64)>0," ",""),"")&IF(MOD(ROUND(INDEX(Calcul!$AX$60:$AX$110,Calcul!$BX$64)*64,0),64)>0,MOD(ROUND(INDEX(Calcul!$AX$60:$AX$110,Calcul!$BX$64)*64,0),64)/GCD(MOD(ROUND(INDEX(Calcul!$AX$60:$AX$110,Calcul!$BX$64)*64,0),64),64)&"/"&64/GCD(MOD(ROUND(INDEX(Calcul!$AX$60:$AX$110,Calcul!$BX$64)*64,0),64),64),IF(ROUND(INDEX(Calcul!$AX$60:$AX$110,Calcul!$BX$64)*64,0)=0,"0",""))&""""))&" · "&FIXED(INDEX(Calcul!$AX$60:$AX$110,Calcul!$BX$64),4,TRUE())&" po · "&FIXED(INDEX(Calcul!$AX$60:$AX$110,Calcul!$BX$64)*25.4,3,TRUE())&" mm")) -> 1/8" · 0.1250 po · 3.175 mm | J18: =IF(Calcul!$BX$64=0,"",INDEX(Calcul!$BE$60:$BE$110,Calcul!$BX$64)) -> 23000 | K18: =IF(Calcul!$BX$64=0,"",ROUND(INDEX(Calcul!$BF$60:$BF$110,Calcul!$BX$64),0)) -> 161 | L18: =IF(Calcul!$BX$64=0,"",ROUND(INDEX(Calcul!$BF$60:$BF$110,Calcul!$BX$64)*25.4,0)) -> 4089 | M18: =IF(Calcul!$BX$64=0,"",INDEX(Calcul!$BA$60:$BA$110,Calcul!$BX$64)) -> 0.007 | N18: =IF(Calcul!$BX$64=0,"",INDEX(Calcul!$BA$60:$BA$110,Calcul!$BX$64)*25.4) -> 0.1778 | O18: =IF(Calcul!$BX$64=0,"",IF(INDEX(Calcul!$AV$60:$AV$110,Calcul!$BX$64)>0,INDEX(Calcul!$AV$60:$AV$110,Calcul!$BX$64),"—")) -> 18000 | P18: =IF(Calcul!$BX$64=0,"",IF(INDEX(Calcul!$AV$60:$AV$110,Calcul!$BX$64)>0,ROUND(INDEX(Calcul!$AV$60:$AV$110,Calcul!$BX$64)*INDEX(Calcul!$U$60:$U$110,Calcul!$BX$64)*INDEX(Calcul!$BA$60:$BA$110,Calcul!$BX$64),0),"—")) -> 126 | Q18: =IF(Calcul!$BX$64=0,"",IF(INDEX(Calcul!$AV$60:$AV$110,Calcul!$BX$64)>0,ROUND(INDEX(Calcul!$AV$60:$AV$110,Calcul!$BX$64)*INDEX(Calcul!$U$60:$U$110,Calcul!$BX$64)*INDEX(Calcul!$BA$60:$BA$110,Calcul!$BX$64)*25.4,0),"—")) -> 3200 | R18: =IF(Calcul!$BX$64=0,"",IF(INDEX(Calcul!$AP$60:$AP$110,Calcul!$BX$64)="","—",INDEX(Calcul!$AP$60:$AP$110,Calcul!$BX$64))) -> 63-700 | S18: =IF(Calcul!$BX$64=0,"",CHOOSE(INDEX(Calcul!$AS$60:$AS$110,Calcul!$BX$64)+1,"—","Bon choix","Meilleur choix","Choix idéal")) -> Choix idéal | T18: =IF(Calcul!$BX$64=0,"",Calcul!$I$11) -> 160–180 po/min | U18: =IF(Calcul!$BX$64=0,"",INDEX(Calcul!$Y$60:$Y$110,Calcul!$BX$64)&"") -> A-1-A-4 | V18: =IF(Calcul!$BX$64=0,"",INDEX(Calcul!$Z$60:$Z$110,Calcul!$BX$64)&"")
A19: =IF(COUNT(Calcul!$BM$60:$BM$110)<5,"Ta liste ne contient que "&COUNT(Calcul!$BM$60:$BM$110)&" outil(s) qui conviennent pour ce choix.","")
A21: Conseils pour ce matériau
A22: =CHOOSE(Calcul!$I$5,"Si les copeaux se ressoudent, augmente l'avance ou passe à un outil à une flûte.","Pour éliminer le ressoudage, augmente l'avance ou passe à un outil à une flûte.") -> Si les copeaux se ressoudent, augmente l'avance ou passe à un outil à une flûte.
A23: =CHOOSE(Calcul!$I$5,"Un mauvais chipload cause des cratères, de la fonte ou un mauvais fini.","Avec une fraise downcut, si les copeaux se ressoudent, fais une rainure dans la table martyre.") -> Un mauvais chipload cause des cratères, de la fonte ou un mauvais fini.
A24: =CHOOSE(Calcul!$I$5,"","Un mauvais chipload laisse des marques de couteau ou des bavures.")
A25: 23 000 RPM dans le plastique : avec un outil à plus d'une flûte, risque de fonte. Surveille les copeaux ; si ça fond, augmente l'avance ou prends un outil à une flûte.
A26: Petit outil (moins de 3/8") : laisse 0.015" à 0.030" (0.4 à 0.8 mm) pour une passe de finition sur toute l'épaisseur.
A28: Règles utilisées
A29: • Chipload : milieu de la plage LMT Onsrud (tableaux Hard Plastic / Soft Plastic), réduit à 75 % au-delà de 1×D et 50 % au-delà de 2×D.
A30: • RPM atelier : 23 000 en détourage ; 17 000 pour trous / poches (polycarbonate, HDPE, UHMW) ; fraises 1/2" : 20 000 en détourage, 18 000 pour trous.
A31: • RPM Onsrud : 18 000 (référence des tableaux) ; séries 37-50 / 37-60 : 12 500. Avance = RPM × flûtes × chipload.
A32: • Passes : jamais plus profond que le diamètre de l'outil par passe (règle de l'atelier). La LOC doit couvrir toute l'épaisseur.
A33: • Classement : direction choisie, série Onsrud reconnue, outil prévu pour ce matériau dans ta liste, moins de passes, recommandation Onsrud, avance. Un outil par diamètre (LOC la plus proche de l'épaisseur), puis on complète.
A34: • « Estimation, à vérifier » : pas de série Onsrud reconnue pour cet outil ; chipload estimé à partir de la valeur moyenne du matériau.

Sheet Recherche outils
A1: Recherche d'outils
A2: Tous les champs sont facultatifs. Résultats triés par diamètre (puis par LOC).
A4: Mot-clé | C4: ← n° d'outil, n° fabricant, emplacement, note…
A5: Type | B5: Tous
A6: Diamètre | C6: ← ex. 1/4, 0.25 ou 6.35
A7: Unité du diamètre | B7: Fraction | C7: =IF(ISNUMBER(Calcul!$L$11),"Ø "&IF(NOT(ISNUMBER(Calcul!$L$11)),"",IF(NOT(ISNUMBER(Calcul!$L$11)),"",IF(Calcul!$L$11<=0,"",IF(ABS(Calcul!$L$11*64-ROUND(Calcul!$L$11*64,0))>0.0005,"≈ ","")&IF(INT(ROUND(Calcul!$L$11*64,0)/64)>0,INT(ROUND(Calcul!$L$11*64,0)/64)&IF(MOD(ROUND(Calcul!$L$11*64,0),64)>0," ",""),"")&IF(MOD(ROUND(Calcul!$L$11*64,0),64)>0,MOD(ROUND(Calcul!$L$11*64,0),64)/GCD(MOD(ROUND(Calcul!$L$11*64,0),64),64)&"/"&64/GCD(MOD(ROUND(Calcul!$L$11*64,0),64),64),IF(ROUND(Calcul!$L$11*64,0)=0,"0",""))&""""))&" · "&FIXED(Calcul!$L$11,4,TRUE())&" po · "&FIXED(Calcul!$L$11*25.4,3,TRUE())&" mm"),"")
A8: Épaisseur à couper | C8: ← garde les outils dont la LOC couvre l'épaisseur
A9: Unité de l'épaisseur | B9: Fraction | C9: =IF(ISNUMBER(Calcul!$O$11),"Épaisseur "&IF(NOT(ISNUMBER(Calcul!$O$11)),"",IF(NOT(ISNUMBER(Calcul!$O$11)),"",IF(Calcul!$O$11<=0,"",IF(ABS(Calcul!$O$11*64-ROUND(Calcul!$O$11*64,0))>0.0005,"≈ ","")&IF(INT(ROUND(Calcul!$O$11*64,0)/64)>0,INT(ROUND(Calcul!$O$11*64,0)/64)&IF(MOD(ROUND(Calcul!$O$11*64,0),64)>0," ",""),"")&IF(MOD(ROUND(Calcul!$O$11*64,0),64)>0,MOD(ROUND(Calcul!$O$11*64,0),64)/GCD(MOD(ROUND(Calcul!$O$11*64,0),64),64)&"/"&64/GCD(MOD(ROUND(Calcul!$O$11*64,0),64),64),IF(ROUND(Calcul!$O$11*64,0)=0,"0",""))&""""))&" · "&FIXED(Calcul!$O$11,4,TRUE())&" po · "&FIXED(Calcul!$O$11*25.4,3,TRUE())&" mm"),"")
A11: =COUNT(Calcul!$P$60:$P$184)&" outil(s) sur 125" -> 125 outil(s) sur 125
A13: N° | B13: Type | C13: Ø | D13: LOC | E13: Direction | F13: Flûtes | G13: N° fabricant | H13: Fabricant | I13: Emplacement | J13: Application | K13: Note
A14: =IF(Calcul!$BY$60=0,"",INDEX('Liste outils'!$B$6:$B$130,Calcul!$BY$60)&"") -> EM0002 | B14: =IF(Calcul!$BY$60=0,"",INDEX('Liste outils'!$C$6:$C$130,Calcul!$BY$60)&"") -> End Mill | C14: =IF(Calcul!$BY$60=0,"",IF(ISNUMBER(INDEX('Liste outils'!$E$6:$E$130,Calcul!$BY$60)),IF(NOT(ISNUMBER(INDEX('Liste outils'!$E$6:$E$130,Calcul!$BY$60))),"",IF(NOT(ISNUMBER(INDEX('Liste outils'!$E$6:$E$130,Calcul!$BY$60))),"",IF(INDEX('Liste outils'!$E$6:$E$130,Calcul!$BY$60)<=0,"",IF(ABS(INDEX('Liste outils'!$E$6:$E$130,Calcul!$BY$60)*64-ROUND(INDEX('Liste outils'!$E$6:$E$130,Calcul!$BY$60)*64,0))>0.0005,"≈ ","")&IF(INT(ROUND(INDEX('Liste outils'!$E$6:$E$130,Calcul!$BY$60)*64,0)/64)>0,INT(ROUND(INDEX('Liste outils'!$E$6:$E$130,Calcul!$BY$60)*64,0)/64)&IF(MOD(ROUND(INDEX('Liste outils'!$E$6:$E$130,Calcul!$BY$60)*64,0),64)>0," ",""),"")&IF(MOD(ROUND(INDEX('Liste outils'!$E$6:$E$130,Calcul!$BY$60)*64,0),64)>0,MOD(ROUND(INDEX('Liste outils'!$E$6:$E$130,Calcul!$BY$60)*64,0),64)/GCD(MOD(ROUND(INDEX('Liste outils'!$E$6:$E$130,Calcul!$BY$60)*64,0),64),64)&"/"&64/GCD(MOD(ROUND(INDEX('Liste outils'!$E$6:$E$130,Calcul!$BY$60)*64,0),64),64),IF(ROUND(INDEX('Liste outils'!$E$6:$E$130,Calcul!$BY$60)*64,0)=0,"0",""))&""""))&" · "&FIXED(INDEX('Liste outils'!$E$6:$E$130,Calcul!$BY$60),4,TRUE())&" po · "&FIXED(INDEX('Liste outils'!$E$6:$E$130,Calcul!$BY$60)*25.4,3,TRUE())&" mm"),"")) -> ≈ 1/32" · 0.0390 po · 0.991 mm | D14: =IF(Calcul!$BY$60=0,"",IF(ISNUMBER(INDEX('Liste outils'!$H$6:$H$130,Calcul!$BY$60)),IF(NOT(ISNUMBER(INDEX('Liste outils'!$H$6:$H$130,Calcul!$BY$60))),"",IF(NOT(ISNUMBER(INDEX('Liste outils'!$H$6:$H$130,Calcul!$BY$60))),"",IF(INDEX('Liste outils'!$H$6:$H$130,Calcul!$BY$60)<=0,"",IF(ABS(INDEX('Liste outils'!$H$6:$H$130,Calcul!$BY$60)*64-ROUND(INDEX('Liste outils'!$H$6:$H$130,Calcul!$BY$60)*64,0))>0.0005,"≈ ","")&IF(INT(ROUND(INDEX('Liste outils'!$H$6:$H$130,Calcul!$BY$60)*64,0)/64)>0,INT(ROUND(INDEX('Liste outils'!$H$6:$H$130,Calcul!$BY$60)*64,0)/64)&IF(MOD(ROUND(INDEX('Liste outils'!$H$6:$H$130,Calcul!$BY$60)*64,0),64)>0," ",""),"")&IF(MOD(ROUND(INDEX('Liste outils'!$H$6:$H$130,Calcul!$BY$60)*64,0),64)>0,MOD(ROUND(INDEX('Liste outils'!$H$6:$H$130,Calcul!$BY$60)*64,0),64)/GCD(MOD(ROUND(INDEX('Liste outils'!$H$6:$H$130,Calcul!$BY$60)*64,0),64),64)&"/"&64/GCD(MOD(ROUND(INDEX('Liste outils'!$H$6:$H$130,Calcul!$BY$60)*64,0),64),64),IF(ROUND(INDEX('Liste outils'!$H$6:$H$130,Calcul!$BY$60)*64,0)=0,"0",""))&""""))&" · "&FIXED(INDEX('Liste outils'!$H$6:$H$130,Calcul!$BY$60),4,TRUE())&" po · "&FIXED(INDEX('Liste outils'!$H$6:$H$130,Calcul!$BY$60)*25.4,3,TRUE())&" mm"),"")) -> 13/64" · 0.2031 po · 5.159 mm | E14: =IF(Calcul!$BY$60=0,"",INDEX('Liste outils'!$J$6:$J$130,Calcul!$BY$60)&"") -> Upcut | F14: =IF(Calcul!$BY$60=0,"",INDEX('Liste outils'!$K$6:$K$130,Calcul!$BY$60)&"") -> 2 | G14: =IF(Calcul!$BY$60=0,"",INDEX('Liste outils'!$O$6:$O$130,Calcul!$BY$60)&"") -> 49839 | H14: =IF(Calcul!$BY$60=0,"",INDEX('Liste outils'!$P$6:$P$130,Calcul!$BY$60)&"") -> HARVEY TOOL | I14: =IF(Calcul!$BY$60=0,"",INDEX('Liste outils'!$AB$6:$AB$130,Calcul!$BY$60)&"") -> A-1-A-1 | J14: =IF(Calcul!$BY$60=0,"",INDEX('Liste outils'!$AA$6:$AA$130,Calcul!$BY$60)&"") | K14: =IF(Calcul!$BY$60=0,"",INDEX('Liste outils'!$AC$6:$AC$130,Calcul!$BY$60)&"")
A15: =IF(Calcul!$BY$61=0,"",INDEX('Liste outils'!$B$6:$B$130,Calcul!$BY$61)&"") -> EM0042 | B15: =IF(Calcul!$BY$61=0,"",INDEX('Liste outils'!$C$6:$C$130,Calcul!$BY$61)&"") -> End Mill | C15: =IF(Calcul!$BY$61=0,"",IF(ISNUMBER(INDEX('Liste outils'!$E$6:$E$130,Calcul!$BY$61)),IF(NOT(ISNUMBER(INDEX('Liste outils'!$E$6:$E$130,Calcul!$BY$61))),"",IF(NOT(ISNUMBER(INDEX('Liste outils'!$E$6:$E$130,Calcul!$BY$61))),"",IF(INDEX('Liste outils'!$E$6:$E$130,Calcul!$BY$61)<=0,"",IF(ABS(INDEX('Liste outils'!$E$6:$E$130,Calcul!$BY$61)*64-ROUND(INDEX('Liste outils'!$E$6:$E$130,Calcul!$BY$61)*64,0))>0.0005,"≈ ","")&IF(INT(ROUND(INDEX('Liste outils'!$E$6:$E$130,Calcul!$BY$61)*64,0)/64)>0,INT(ROUND(INDEX('Liste outils'!$E$6:$E$130,Calcul!$BY$61)*64,0)/64)&IF(MOD(ROUND(INDEX('Liste outils'!$E$6:$E$130,Calcul!$BY$61)*64,0),64)>0," ",""),"")&IF(MOD(ROUND(INDEX('Liste outils'!$E$6:$E$130,Calcul!$BY$61)*64,0),64)>0,MOD(ROUND(INDEX('Liste outils'!$E$6:$E$130,Calcul!$BY$61)*64,0),64)/GCD(MOD(ROUND(INDEX('Liste outils'!$E$6:$E$130,Calcul!$BY$61)*64,0),64),64)&"/"&64/GCD(MOD(ROUND(INDEX('Liste outils'!$E$6:$E$130,Calcul!$BY$61)*64,0),64),64),IF(ROUND(INDEX('Liste outils'!$E$6:$E$130,Calcul!$BY$61)*64,0)=0,"0",""))&""""))&" · "&FIXED(INDEX('Liste outils'!$E$6:$E$130,Calcul!$BY$61),4,TRUE())&" po · "&FIXED(INDEX('Liste outils'!$E$6:$E$130,Calcul!$BY$61)*25.4,3,TRUE())&" mm"),"")) -> 1/16" · 0.0625 po · 1.588 mm | D15: =IF(Calcul!$BY$61=0,"",IF(ISNUMBER(INDEX('Liste outils'!$H$6:$H$130,Calcul!$BY$61)),IF(NOT(ISNUMBER(INDEX('Liste outils'!$H$6:$H$130,Calcul!$BY$61))),"",IF(NOT(ISNUMBER(INDEX('Liste outils'!$H$6:$H$130,Calcul!$BY$61))),"",IF(INDEX('Liste outils'!$H$6:$H$130,Calcul!$BY$61)<=0,"",IF(ABS(INDEX('Liste outils'!$H$6:$H$130,Calcul!$BY$61)*64-ROUND(INDEX('Liste outils'!$H$6:$H$130,Calcul!$BY$61)*64,0))>0.0005,"≈ ","")&IF(INT(ROUND(INDEX('Liste outils'!$H$6:$H$130,Calcul!$BY$61)*64,0)/64)>0,INT(ROUND(INDEX('Liste outils'!$H$6:$H$130,Calcul!$BY$61)*64,0)/64)&IF(MOD(ROUND(INDEX('Liste outils'!$H$6:$H$130,Calcul!$BY$61)*64,0),64)>0," ",""),"")&IF(MOD(ROUND(INDEX('Liste outils'!$H$6:$H$130,Calcul!$BY$61)*64,0),64)>0,MOD(ROUND(INDEX('Liste outils'!$H$6:$H$130,Calcul!$BY$61)*64,0),64)/GCD(MOD(ROUND(INDEX('Liste outils'!$H$6:$H$130,Calcul!$BY$61)*64,0),64),64)&"/"&64/GCD(MOD(ROUND(INDEX('Liste outils'!$H$6:$H$130,Calcul!$BY$61)*64,0),64),64),IF(ROUND(INDEX('Liste outils'!$H$6:$H$130,Calcul!$BY$61)*64,0)=0,"0",""))&""""))&" · "&FIXED(INDEX('Liste outils'!$H$6:$H$130,Calcul!$BY$61),4,TRUE())&" po · "&FIXED(INDEX('Liste outils'!$H$6:$H$130,Calcul!$BY$61)*25.4,3,TRUE())&" mm"),"")) -> 1/4" · 0.2500 po · 6.350 mm | E15: =IF(Calcul!$BY$61=0,"",INDEX('Liste outils'!$J$6:$J$130,Calcul!$BY$61)&"") -> Upcut | F15: =IF(Calcul!$BY$61=0,"",INDEX('Liste outils'!$K$6:$K$130,Calcul!$BY$61)&"") -> 1 | G15: =IF(Calcul!$BY$61=0,"",INDEX('Liste outils'!$O$6:$O$130,Calcul!$BY$61)&"") -> 63-701 | H15: =IF(Calcul!$BY$61=0,"",INDEX('Liste outils'!$P$6:$P$130,Calcul!$BY$61)&"") -> LMT Onsrud | I15: =IF(Calcul!$BY$61=0,"",INDEX('Liste outils'!$AB$6:$AB$130,Calcul!$BY$61)&"") -> A-1-F-1 | J15: =IF(Calcul!$BY$61=0,"",INDEX('Liste outils'!$AA$6:$AA$130,Calcul!$BY$61)&"") -> Hard Plastic, Solid Surface | K15: =IF(Calcul!$BY$61=0,"",INDEX('Liste outils'!$AC$6:$AC$130,Calcul!$BY$61)&"")
A16: =IF(Calcul!$BY$62=0,"",INDEX('Liste outils'!$B$6:$B$130,Calcul!$BY$62)&"") -> EM0051 | B16: =IF(Calcul!$BY$62=0,"",INDEX('Liste outils'!$C$6:$C$130,Calcul!$BY$62)&"") -> End Mill | C16: =IF(Calcul!$BY$62=0,"",IF(ISNUMBER(INDEX('Liste outils'!$E$6:$E$130,Calcul!$BY$62)),IF(NOT(ISNUMBER(INDEX('Liste outils'!$E$6:$E$130,Calcul!$BY$62))),"",IF(NOT(ISNUMBER(INDEX('Liste outils'!$E$6:$E$130,Calcul!$BY$62))),"",IF(INDEX('Liste outils'!$E$6:$E$130,Calcul!$BY$62)<=0,"",IF(ABS(INDEX('Liste outils'!$E$6:$E$130,Calcul!$BY$62)*64-ROUND(INDEX('Liste outils'!$E$6:$E$130,Calcul!$BY$62)*64,0))>0.0005,"≈ ","")&IF(INT(ROUND(INDEX('Liste outils'!$E$6:$E$130,Calcul!$BY$62)*64,0)/64)>0,INT(ROUND(INDEX('Liste outils'!$E$6:$E$130,Calcul!$BY$62)*64,0)/64)&IF(MOD(ROUND(INDEX('Liste outils'!$E$6:$E$130,Calcul!$BY$62)*64,0),64)>0," ",""),"")&IF(MOD(ROUND(INDEX('Liste outils'!$E$6:$E$130,Calcul!$BY$62)*64,0),64)>0,MOD(ROUND(INDEX('Liste outils'!$E$6:$E$130,Calcul!$BY$62)*64,0),64)/GCD(MOD(ROUND(INDEX('Liste outils'!$E$6:$E$130,Calcul!$BY$62)*64,0),64),64)&"/"&64/GCD(MOD(ROUND(INDEX('Liste outils'!$E$6:$E$130,Calcul!$BY$62)*64,0),64),64),IF(ROUND(INDEX('Liste outils'!$E$6:$E$130,Calcul!$BY$62)*64,0)=0,"0",""))&""""))&" · "&FIXED(INDEX('Liste outils'!$E$6:$E$130,Calcul!$BY$62),4,TRUE())&" po · "&FIXED(INDEX('Liste outils'!$E$6:$E$130,Calcul!$BY$62)*25.4,3,TRUE())&" mm"),"")) -> 1/16" · 0.0625 po · 1.588 mm | D16: =IF(Calcul!$BY$62=0,"",IF(ISNUMBER(INDEX('Liste outils'!$H$6:$H$130,Calcul!$BY$62)),IF(NOT(ISNUMBER(INDEX('Liste outils'!$H$6:$H$130,Calcul!$BY$62))),"",IF(NOT(ISNUMBER(INDEX('Liste outils'!$H$6:$H$130,Calcul!$BY$62))),"",IF(INDEX('Liste outils'!$H$6:$H$130,Calcul!$BY$62)<=0,"",IF(ABS(INDEX('Liste outils'!$H$6:$H$130,Calcul!$BY$62)*64-ROUND(INDEX('Liste outils'!$H$6:$H$130,Calcul!$BY$62)*64,0))>0.0005,"≈ ","")&IF(INT(ROUND(INDEX('Liste outils'!$H$6:$H$130,Calcul!$BY$62)*64,0)/64)>0,INT(ROUND(INDEX('Liste outils'!$H$6:$H$130,Calcul!$BY$62)*64,0)/64)&IF(MOD(ROUND(INDEX('Liste outils'!$H$6:$H$130,Calcul!$BY$62)*64,0),64)>0," ",""),"")&IF(MOD(ROUND(INDEX('Liste outils'!$H$6:$H$130,Calcul!$BY$62)*64,0),64)>0,MOD(ROUND(INDEX('Liste outils'!$H$6:$H$130,Calcul!$BY$62)*64,0),64)/GCD(MOD(ROUND(INDEX('Liste outils'!$H$6:$H$130,Calcul!$BY$62)*64,0),64),64)&"/"&64/GCD(MOD(ROUND(INDEX('Liste outils'!$H$6:$H$130,Calcul!$BY$62)*64,0),64),64),IF(ROUND(INDEX('Liste outils'!$H$6:$H$130,Calcul!$BY$62)*64,0)=0,"0",""))&""""))&" · "&FIXED(INDEX('Liste outils'!$H$6:$H$130,Calcul!$BY$62),4,TRUE())&" po · "&FIXED(INDEX('Liste outils'!$H$6:$H$130,Calcul!$BY$62)*25.4,3,TRUE())&" mm"),"")) -> 1/4" · 0.2500 po · 6.350 mm | E16: =IF(Calcul!$BY$62=0,"",INDEX('Liste outils'!$J$6:$J$130,Calcul!$BY$62)&"") -> Upcut | F16: =IF(Calcul!$BY$62=0,"",INDEX('Liste outils'!$K$6:$K$130,Calcul!$BY$62)&"") -> 1 | G16: =IF(Calcul!$BY$62=0,"",INDEX('Liste outils'!$O$6:$O$130,Calcul!$BY$62)&"") -> 63-700 | H16: =IF(Calcul!$BY$62=0,"",INDEX('Liste outils'!$P$6:$P$130,Calcul!$BY$62)&"") -> LMT Onsrud | I16: =IF(Calcul!$BY$62=0,"",INDEX('Liste outils'!$AB$6:$AB$130,Calcul!$BY$62)&"") -> A-1-F-1 | J16: =IF(Calcul!$BY$62=0,"",INDEX('Liste outils'!$AA$6:$AA$130,Calcul!$BY$62)&"") -> Hard Plastic, Solid Surface | K16: =IF(Calcul!$BY$62=0,"",INDEX('Liste outils'!$AC$6:$AC$130,Calcul!$BY$62)&"")
A17: =IF(Calcul!$BY$63=0,"",INDEX('Liste outils'!$B$6:$B$130,Calcul!$BY$63)&"") -> EM0036 | B17: =IF(Calcul!$BY$63=0,"",INDEX('Liste outils'!$C$6:$C$130,Calcul!$BY$63)&"") -> End Mill | C17: =IF(Calcul!$BY$63=0,"",IF(ISNUMBER(INDEX('Liste outils'!$E$6:$E$130,Calcul!$BY$63)),IF(NOT(ISNUMBER(INDEX('Liste outils'!$E$6:$E$130,Calcul!$BY$63))),"",IF(NOT(ISNUMBER(INDEX('Liste outils'!$E$6:$E$130,Calcul!$BY$63))),"",IF(INDEX('Liste outils'!$E$6:$E$130,Calcul!$BY$63)<=0,"",IF(ABS(INDEX('Liste outils'!$E$6:$E$130,Calcul!$BY$63)*64-ROUND(INDEX('Liste outils'!$E$6:$E$130,Calcul!$BY$63)*64,0))>0.0005,"≈ ","")&IF(INT(ROUND(INDEX('Liste outils'!$E$6:$E$130,Calcul!$BY$63)*64,0)/64)>0,INT(ROUND(INDEX('Liste outils'!$E$6:$E$130,Calcul!$BY$63)*64,0)/64)&IF(MOD(ROUND(INDEX('Liste outils'!$E$6:$E$130,Calcul!$BY$63)*64,0),64)>0," ",""),"")&IF(MOD(ROUND(INDEX('Liste outils'!$E$6:$E$130,Calcul!$BY$63)*64,0),64)>0,MOD(ROUND(INDEX('Liste outils'!$E$6:$E$130,Calcul!$BY$63)*64,0),64)/GCD(MOD(ROUND(INDEX('Liste outils'!$E$6:$E$130,Calcul!$BY$63)*64,0),64),64)&"/"&64/GCD(MOD(ROUND(INDEX('Liste outils'!$E$6:$E$130,Calcul!$BY$63)*64,0),64),64),IF(ROUND(INDEX('Liste outils'!$E$6:$E$130,Calcul!$BY$63)*64,0)=0,"0",""))&""""))&" · "&FIXED(INDEX('Liste outils'!$E$6:$E$130,Calcul!$BY$63),4,TRUE())&" po · "&FIXED(INDEX('Liste outils'!$E$6:$E$130,Calcul!$BY$63)*25.4,3,TRUE())&" mm"),"")) -> ≈ 3/32" · 0.0980 po · 2.489 mm | D17: =IF(Calcul!$BY$63=0,"",IF(ISNUMBER(INDEX('Liste outils'!$H$6:$H$130,Calcul!$BY$63)),IF(NOT(ISNUMBER(INDEX('Liste outils'!$H$6:$H$130,Calcul!$BY$63))),"",IF(NOT(ISNUMBER(INDEX('Liste outils'!$H$6:$H$130,Calcul!$BY$63))),"",IF(INDEX('Liste outils'!$H$6:$H$130,Calcul!$BY$63)<=0,"",IF(ABS(INDEX('Liste outils'!$H$6:$H$130,Calcul!$BY$63)*64-ROUND(INDEX('Liste outils'!$H$6:$H$130,Calcul!$BY$63)*64,0))>0.0005,"≈ ","")&IF(INT(ROUND(INDEX('Liste outils'!$H$6:$H$130,Calcul!$BY$63)*64,0)/64)>0,INT(ROUND(INDEX('Liste outils'!$H$6:$H$130,Calcul!$BY$63)*64,0)/64)&IF(MOD(ROUND(INDEX('Liste outils'!$H$6:$H$130,Calcul!$BY$63)*64,0),64)>0," ",""),"")&IF(MOD(ROUND(INDEX('Liste outils'!$H$6:$H$130,Calcul!$BY$63)*64,0),64)>0,MOD(ROUND(INDEX('Liste outils'!$H$6:$H$130,Calcul!$BY$63)*64,0),64)/GCD(MOD(ROUND(INDEX('Liste outils'!$H$6:$H$130,Calcul!$BY$63)*64,0),64),64)&"/"&64/GCD(MOD(ROUND(INDEX('Liste outils'!$H$6:$H$130,Calcul!$BY$63)*64,0),64),64),IF(ROUND(INDEX('Liste outils'!$H$6:$H$130,Calcul!$BY$63)*64,0)=0,"0",""))&""""))&" · "&FIXED(INDEX('Liste outils'!$H$6:$H$130,Calcul!$BY$63),4,TRUE())&" po · "&FIXED(INDEX('Liste outils'!$H$6:$H$130,Calcul!$BY$63)*25.4,3,TRUE())&" mm"),"")) -> 1/4" · 0.2500 po · 6.350 mm | E17: =IF(Calcul!$BY$63=0,"",INDEX('Liste outils'!$J$6:$J$130,Calcul!$BY$63)&"") -> Right | F17: =IF(Calcul!$BY$63=0,"",INDEX('Liste outils'!$K$6:$K$130,Calcul!$BY$63)&"") -> 4 | G17: =IF(Calcul!$BY$63=0,"",INDEX('Liste outils'!$O$6:$O$130,Calcul!$BY$63)&"") -> 71020-C3 | H17: =IF(Calcul!$BY$63=0,"",INDEX('Liste outils'!$P$6:$P$130,Calcul!$BY$63)&"") -> Harvey Tool | I17: =IF(Calcul!$BY$63=0,"",INDEX('Liste outils'!$AB$6:$AB$130,Calcul!$BY$63)&"") -> A-1-K-3 | J17: =IF(Calcul!$BY$63=0,"",INDEX('Liste outils'!$AA$6:$AA$130,Calcul!$BY$63)&"") -> Aluminum, Non-Ferrous Metal, Cast Iron, Steel, Stainless Steel, Exotic Metal, Titanium, Plastic, Wood, Composites, Graphite, Hardened Alloys, Green (Unfired) | K17: =IF(Calcul!$BY$63=0,"",INDEX('Liste outils'!$AC$6:$AC$130,Calcul!$BY$63)&"") -> Small thread
A18: =IF(Calcul!$BY$64=0,"",INDEX('Liste outils'!$B$6:$B$130,Calcul!$BY$64)&"") -> EM0026 | B18: =IF(Calcul!$BY$64=0,"",INDEX('Liste outils'!$C$6:$C$130,Calcul!$BY$64)&"") -> End Mill | C18: =IF(Calcul!$BY$64=0,"",IF(ISNUMBER(INDEX('Liste outils'!$E$6:$E$130,Calcul!$BY$64)),IF(NOT(ISNUMBER(INDEX('Liste outils'!$E$6:$E$130,Calcul!$BY$64))),"",IF(NOT(ISNUMBER(INDEX('Liste outils'!$E$6:$E$130,Calcul!$BY$64))),"",IF(INDEX('Liste outils'!$E$6:$E$130,Calcul!$BY$64)<=0,"",IF(ABS(INDEX('Liste outils'!$E$6:$E$130,Calcul!$BY$64)*64-ROUND(INDEX('Liste outils'!$E$6:$E$130,Calcul!$BY$64)*64,0))>0.0005,"≈ ","")&IF(INT(ROUND(INDEX('Liste outils'!$E$6:$E$130,Calcul!$BY$64)*64,0)/64)>0,INT(ROUND(INDEX('Liste outils'!$E$6:$E$130,Calcul!$BY$64)*64,0)/64)&IF(MOD(ROUND(INDEX('Liste outils'!$E$6:$E$130,Calcul!$BY$64)*64,0),64)>0," ",""),"")&IF(MOD(ROUND(INDEX('Liste outils'!$E$6:$E$130,Calcul!$BY$64)*64,0),64)>0,MOD(ROUND(INDEX('Liste outils'!$E$6:$E$130,Calcul!$BY$64)*64,0),64)/GCD(MOD(ROUND(INDEX('Liste outils'!$E$6:$E$130,Calcul!$BY$64)*64,0),64),64)&"/"&64/GCD(MOD(ROUND(INDEX('Liste outils'!$E$6:$E$130,Calcul!$BY$64)*64,0),64),64),IF(ROUND(INDEX('Liste outils'!$E$6:$E$130,Calcul!$BY$64)*64,0)=0,"0",""))&""""))&" · "&FIXED(INDEX('Liste outils'!$E$6:$E$130,Calcul!$BY$64),4,TRUE())&" po · "&FIXED(INDEX('Liste outils'!$E$6:$E$130,Calcul!$BY$64)*25.4,3,TRUE())&" mm"),"")) -> 1/8" · 0.1250 po · 3.175 mm | D18: =IF(Calcul!$BY$64=0,"",IF(ISNUMBER(INDEX('Liste outils'!$H$6:$H$130,Calcul!$BY$64)),IF(NOT(ISNUMBER(INDEX('Liste outils'!$H$6:$H$130,Calcul!$BY$64))),"",IF(NOT(ISNUMBER(INDEX('Liste outils'!$H$6:$H$130,Calcul!$BY$64))),"",IF(INDEX('Liste outils'!$H$6:$H$130,Calcul!$BY$64)<=0,"",IF(ABS(INDEX('Liste outils'!$H$6:$H$130,Calcul!$BY$64)*64-ROUND(INDEX('Liste outils'!$H$6:$H$130,Calcul!$BY$64)*64,0))>0.0005,"≈ ","")&IF(INT(ROUND(INDEX('Liste outils'!$H$6:$H$130,Calcul!$BY$64)*64,0)/64)>0,INT(ROUND(INDEX('Liste outils'!$H$6:$H$130,Calcul!$BY$64)*64,0)/64)&IF(MOD(ROUND(INDEX('Liste outils'!$H$6:$H$130,Calcul!$BY$64)*64,0),64)>0," ",""),"")&IF(MOD(ROUND(INDEX('Liste outils'!$H$6:$H$130,Calcul!$BY$64)*64,0),64)>0,MOD(ROUND(INDEX('Liste outils'!$H$6:$H$130,Calcul!$BY$64)*64,0),64)/GCD(MOD(ROUND(INDEX('Liste outils'!$H$6:$H$130,Calcul!$BY$64)*64,0),64),64)&"/"&64/GCD(MOD(ROUND(INDEX('Liste outils'!$H$6:$H$130,Calcul!$BY$64)*64,0),64),64),IF(ROUND(INDEX('Liste outils'!$H$6:$H$130,Calcul!$BY$64)*64,0)=0,"0",""))&""""))&" · "&FIXED(INDEX('Liste outils'!$H$6:$H$130,Calcul!$BY$64),4,TRUE())&" po · "&FIXED(INDEX('Liste outils'!$H$6:$H$130,Calcul!$BY$64)*25.4,3,TRUE())&" mm"),"")) -> 3/8" · 0.3750 po · 9.525 mm | E18: =IF(Calcul!$BY$64=0,"",INDEX('Liste outils'!$J$6:$J$130,Calcul!$BY$64)&"") -> Right | F18: =IF(Calcul!$BY$64=0,"",INDEX('Liste outils'!$K$6:$K$130,Calcul!$BY$64)&"") -> 1 | G18: =IF(Calcul!$BY$64=0,"",INDEX('Liste outils'!$O$6:$O$130,Calcul!$BY$64)&"") -> 709508 | H18: =IF(Calcul!$BY$64=0,"",INDEX('Liste outils'!$P$6:$P$130,Calcul!$BY$64)&"") -> Harvey Tool | I18: =IF(Calcul!$BY$64=0,"",INDEX('Liste outils'!$AB$6:$AB$130,Calcul!$BY$64)&"") -> A-1-H-4 | J18: =IF(Calcul!$BY$64=0,"",INDEX('Liste outils'!$AA$6:$AA$130,Calcul!$BY$64)&"") -> Non-Ferrous Metal, Aluminum, Plastic, Composites, Graphite | K18: =IF(Calcul!$BY$64=0,"",INDEX('Liste outils'!$AC$6:$AC$130,Calcul!$BY$64)&"")
A19: =IF(Calcul!$BY$65=0,"",INDEX('Liste outils'!$B$6:$B$130,Calcul!$BY$65)&"") -> EM0003 | B19: =IF(Calcul!$BY$65=0,"",INDEX('Liste outils'!$C$6:$C$130,Calcul!$BY$65)&"") -> End Mill | C19: =IF(Calcul!$BY$65=0,"",IF(ISNUMBER(INDEX('Liste outils'!$E$6:$E$130,Calcul!$BY$65)),IF(NOT(ISNUMBER(INDEX('Liste outils'!$E$6:$E$130,Calcul!$BY$65))),"",IF(NOT(ISNUMBER(INDEX('Liste outils'!$E$6:$E$130,Calcul!$BY$65))),"",IF(INDEX('Liste outils'!$E$6:$E$130,Calcul!$BY$65)<=0,"",IF(ABS(INDEX('Liste outils'!$E$6:$E$130,Calcul!$BY$65)*64-ROUND(INDEX('Liste outils'!$E$6:$E$130,Calcul!$BY$65)*64,0))>0.0005,"≈ ","")&IF(INT(ROUND(INDEX('Liste outils'!$E$6:$E$130,Calcul!$BY$65)*64,0)/64)>0,INT(ROUND(INDEX('Liste outils'!$E$6:$E$130,Calcul!$BY$65)*64,0)/64)&IF(MOD(ROUND(INDEX('Liste outils'!$E$6:$E$130,Calcul!$BY$65)*64,0),64)>0," ",""),"")&IF(MOD(ROUND(INDEX('Liste outils'!$E$6:$E$130,Calcul!$BY$65)*64,0),64)>0,MOD(ROUND(INDEX('Liste outils'!$E$6:$E$130,Calcul!$BY$65)*64,0),64)/GCD(MOD(ROUND(INDEX('Liste outils'!$E$6:$E$130,Calcul!$BY$65)*64,0),64),64)&"/"&64/GCD(MOD(ROUND(INDEX('Liste outils'!$E$6:$E$130,Calcul!$BY$65)*64,0),64),64),IF(ROUND(INDEX('Liste outils'!$E$6:$E$130,Calcul!$BY$65)*64,0)=0,"0",""))&""""))&" · "&FIXED(INDEX('Liste outils'!$E$6:$E$130,Calcul!$BY$65),4,TRUE())&" po · "&FIXED(INDEX('Liste outils'!$E$6:$E$130,Calcul!$BY$65)*25.4,3,TRUE())&" mm"),"")) -> 1/8" · 0.1250 po · 3.175 mm | D19: =IF(Calcul!$BY$65=0,"",IF(ISNUMBER(INDEX('Liste outils'!$H$6:$H$130,Calcul!$BY$65)),IF(NOT(ISNUMBER(INDEX('Liste outils'!$H$6:$H$130,Calcul!$BY$65))),"",IF(NOT(ISNUMBER(INDEX('Liste outils'!$H$6:$H$130,Calcul!$BY$65))),"",IF(INDEX('Liste outils'!$H$6:$H$130,Calcul!$BY$65)<=0,"",IF(ABS(INDEX('Liste outils'!$H$6:$H$130,Calcul!$BY$65)*64-ROUND(INDEX('Liste outils'!$H$6:$H$130,Calcul!$BY$65)*64,0))>0.0005,"≈ ","")&IF(INT(ROUND(INDEX('Liste outils'!$H$6:$H$130,Calcul!$BY$65)*64,0)/64)>0,INT(ROUND(INDEX('Liste outils'!$H$6:$H$130,Calcul!$BY$65)*64,0)/64)&IF(MOD(ROUND(INDEX('Liste outils'!$H$6:$H$130,Calcul!$BY$65)*64,0),64)>0," ",""),"")&IF(MOD(ROUND(INDEX('Liste outils'!$H$6:$H$130,Calcul!$BY$65)*64,0),64)>0,MOD(ROUND(INDEX('Liste outils'!$H$6:$H$130,Calcul!$BY$65)*64,0),64)/GCD(MOD(ROUND(INDEX('Liste outils'!$H$6:$H$130,Calcul!$BY$65)*64,0),64),64)&"/"&64/GCD(MOD(ROUND(INDEX('Liste outils'!$H$6:$H$130,Calcul!$BY$65)*64,0),64),64),IF(ROUND(INDEX('Liste outils'!$H$6:$H$130,Calcul!$BY$65)*64,0)=0,"0",""))&""""))&" · "&FIXED(INDEX('Liste outils'!$H$6:$H$130,Calcul!$BY$65),4,TRUE())&" po · "&FIXED(INDEX('Liste outils'!$H$6:$H$130,Calcul!$BY$65)*25.4,3,TRUE())&" mm"),"")) -> 1/2" · 0.5000 po · 12.700 mm | E19: =IF(Calcul!$BY$65=0,"",INDEX('Liste outils'!$J$6:$J$130,Calcul!$BY$65)&"") -> Upcut | F19: =IF(Calcul!$BY$65=0,"",INDEX('Liste outils'!$K$6:$K$130,Calcul!$BY$65)&"") -> 1 | G19: =IF(Calcul!$BY$65=0,"",INDEX('Liste outils'!$O$6:$O$130,Calcul!$BY$65)&"") -> 63-763 | H19: =IF(Calcul!$BY$65=0,"",INDEX('Liste outils'!$P$6:$P$130,Calcul!$BY$65)&"") -> LMT Onsrud | I19: =IF(Calcul!$BY$65=0,"",INDEX('Liste outils'!$AB$6:$AB$130,Calcul!$BY$65)&"") -> A-1-A-2 | J19: =IF(Calcul!$BY$65=0,"",INDEX('Liste outils'!$AA$6:$AA$130,Calcul!$BY$65)&"") -> Soft Plastic | K19: =IF(Calcul!$BY$65=0,"",INDEX('Liste outils'!$AC$6:$AC$130,Calcul!$BY$65)&"")
A20: =IF(Calcul!$BY$66=0,"",INDEX('Liste outils'!$B$6:$B$130,Calcul!$BY$66)&"") -> EM0005 | B20: =IF(Calcul!$BY$66=0,"",INDEX('Liste outils'!$C$6:$C$130,Calcul!$BY$66)&"") -> End Mill | C20: =IF(Calcul!$BY$66=0,"",IF(ISNUMBER(INDEX('Liste outils'!$E$6:$E$130,Calcul!$BY$66)),IF(NOT(ISNUMBER(INDEX('Liste outils'!$E$6:$E$130,Calcul!$BY$66))),"",IF(NOT(ISNUMBER(INDEX('Liste outils'!$E$6:$E$130,Calcul!$BY$66))),"",IF(INDEX('Liste outils'!$E$6:$E$130,Calcul!$BY$66)<=0,"",IF(ABS(INDEX('Liste outils'!$E$6:$E$130,Calcul!$BY$66)*64-ROUND(INDEX('Liste outils'!$E$6:$E$130,Calcul!$BY$66)*64,0))>0.0005,"≈ ","")&IF(INT(ROUND(INDEX('Liste outils'!$E$6:$E$130,Calcul!$BY$66)*64,0)/64)>0,INT(ROUND(INDEX('Liste outils'!$E$6:$E$130,Calcul!$BY$66)*64,0)/64)&IF(MOD(ROUND(INDEX('Liste outils'!$E$6:$E$130,Calcul!$BY$66)*64,0),64)>0," ",""),"")&IF(MOD(ROUND(INDEX('Liste outils'!$E$6:$E$130,Calcul!$BY$66)*64,0),64)>0,MOD(ROUND(INDEX('Liste outils'!$E$6:$E$130,Calcul!$BY$66)*64,0),64)/GCD(MOD(ROUND(INDEX('Liste outils'!$E$6:$E$130,Calcul!$BY$66)*64,0),64),64)&"/"&64/GCD(MOD(ROUND(INDEX('Liste outils'!$E$6:$E$130,Calcul!$BY$66)*64,0),64),64),IF(ROUND(INDEX('Liste outils'!$E$6:$E$130,Calcul!$BY$66)*64,0)=0,"0",""))&""""))&" · "&FIXED(INDEX('Liste outils'!$E$6:$E$130,Calcul!$BY$66),4,TRUE())&" po · "&FIXED(INDEX('Liste outils'!$E$6:$E$130,Calcul!$BY$66)*25.4,3,TRUE())&" mm"),"")) -> 1/8" · 0.1250 po · 3.175 mm | D20: =IF(Calcul!$BY$66=0,"",IF(ISNUMBER(INDEX('Liste outils'!$H$6:$H$130,Calcul!$BY$66)),IF(NOT(ISNUMBER(INDEX('Liste outils'!$H$6:$H$130,Calcul!$BY$66))),"",IF(NOT(ISNUMBER(INDEX('Liste outils'!$H$6:$H$130,Calcul!$BY$66))),"",IF(INDEX('Liste outils'!$H$6:$H$130,Calcul!$BY$66)<=0,"",IF(ABS(INDEX('Liste outils'!$H$6:$H$130,Calcul!$BY$66)*64-ROUND(INDEX('Liste outils'!$H$6:$H$130,Calcul!$BY$66)*64,0))>0.0005,"≈ ","")&IF(INT(ROUND(INDEX('Liste outils'!$H$6:$H$130,Calcul!$BY$66)*64,0)/64)>0,INT(ROUND(INDEX('Liste outils'!$H$6:$H$130,Calcul!$BY$66)*64,0)/64)&IF(MOD(ROUND(INDEX('Liste outils'!$H$6:$H$130,Calcul!$BY$66)*64,0),64)>0," ",""),"")&IF(MOD(ROUND(INDEX('Liste outils'!$H$6:$H$130,Calcul!$BY$66)*64,0),64)>0,MOD(ROUND(INDEX('Liste outils'!$H$6:$H$130,Calcul!$BY$66)*64,0),64)/GCD(MOD(ROUND(INDEX('Liste outils'!$H$6:$H$130,Calcul!$BY$66)*64,0),64),64)&"/"&64/GCD(MOD(ROUND(INDEX('Liste outils'!$H$6:$H$130,Calcul!$BY$66)*64,0),64),64),IF(ROUND(INDEX('Liste outils'!$H$6:$H$130,Calcul!$BY$66)*64,0)=0,"0",""))&""""))&" · "&FIXED(INDEX('Liste outils'!$H$6:$H$130,Calcul!$BY$66),4,TRUE())&" po · "&FIXED(INDEX('Liste outils'!$H$6:$H$130,Calcul!$BY$66)*25.4,3,TRUE())&" mm"),"")) -> 1/2" · 0.5000 po · 12.700 mm | E20: =IF(Calcul!$BY$66=0,"",INDEX('Liste outils'!$J$6:$J$130,Calcul!$BY$66)&"") -> Upcut | F20: =IF(Calcul!$BY$66=0,"",INDEX('Liste outils'!$K$6:$K$130,Calcul!$BY$66)&"") -> 1 | G20: =IF(Calcul!$BY$66=0,"",INDEX('Liste outils'!$O$6:$O$130,Calcul!$BY$66)&"") -> 63-712 | H20: =IF(Calcul!$BY$66=0,"",INDEX('Liste outils'!$P$6:$P$130,Calcul!$BY$66)&"") -> LMT Onsrud | I20: =IF(Calcul!$BY$66=0,"",INDEX('Liste outils'!$AB$6:$AB$130,Calcul!$BY$66)&"") -> A-1-A-4 | J20: =IF(Calcul!$BY$66=0,"",INDEX('Liste outils'!$AA$6:$AA$130,Calcul!$BY$66)&"") -> Hard Plastic, Solid Surface | K20: =IF(Calcul!$BY$66=0,"",INDEX('Liste outils'!$AC$6:$AC$130,Calcul!$BY$66)&"")
A21: =IF(Calcul!$BY$67=0,"",INDEX('Liste outils'!$B$6:$B$130,Calcul!$BY$67)&"") -> EM0014 | B21: =IF(Calcul!$BY$67=0,"",INDEX('Liste outils'!$C$6:$C$130,Calcul!$BY$67)&"") -> End Mill | C21: =IF(Calcul!$BY$67=0,"",IF(ISNUMBER(INDEX('Liste outils'!$E$6:$E$130,Calcul!$BY$67)),IF(NOT(ISNUMBER(INDEX('Liste outils'!$E$6:$E$130,Calcul!$BY$67))),"",IF(NOT(ISNUMBER(INDEX('Liste outils'!$E$6:$E$130,Calcul!$BY$67))),"",IF(INDEX('Liste outils'!$E$6:$E$130,Calcul!$BY$67)<=0,"",IF(ABS(INDEX('Liste outils'!$E$6:$E$130,Calcul!$BY$67)*64-ROUND(INDEX('Liste outils'!$E$6:$E$130,Calcul!$BY$67)*64,0))>0.0005,"≈ ","")&IF(INT(ROUND(INDEX('Liste outils'!$E$6:$E$130,Calcul!$BY$67)*64,0)/64)>0,INT(ROUND(INDEX('Liste outils'!$E$6:$E$130,Calcul!$BY$67)*64,0)/64)&IF(MOD(ROUND(INDEX('Liste outils'!$E$6:$E$130,Calcul!$BY$67)*64,0),64)>0," ",""),"")&IF(MOD(ROUND(INDEX('Liste outils'!$E$6:$E$130,Calcul!$BY$67)*64,0),64)>0,MOD(ROUND(INDEX('Liste outils'!$E$6:$E$130,Calcul!$BY$67)*64,0),64)/GCD(MOD(ROUND(INDEX('Liste outils'!$E$6:$E$130,Calcul!$BY$67)*64,0),64),64)&"/"&64/GCD(MOD(ROUND(INDEX('Liste outils'!$E$6:$E$130,Calcul!$BY$67)*64,0),64),64),IF(ROUND(INDEX('Liste outils'!$E$6:$E$130,Calcul!$BY$67)*64,0)=0,"0",""))&""""))&" · "&FIXED(INDEX('Liste outils'!$E$6:$E$130,Calcul!$BY$67),4,TRUE())&" po · "&FIXED(INDEX('Liste outils'!$E$6:$E$130,Calcul!$BY$67)*25.4,3,TRUE())&" mm"),"")) -> 1/8" · 0.1250 po · 3.175 mm | D21: =IF(Calcul!$BY$67=0,"",IF(ISNUMBER(INDEX('Liste outils'!$H$6:$H$130,Calcul!$BY$67)),IF(NOT(ISNUMBER(INDEX('Liste outils'!$H$6:$H$130,Calcul!$BY$67))),"",IF(NOT(ISNUMBER(INDEX('Liste outils'!$H$6:$H$130,Calcul!$BY$67))),"",IF(INDEX('Liste outils'!$H$6:$H$130,Calcul!$BY$67)<=0,"",IF(ABS(INDEX('Liste outils'!$H$6:$H$130,Calcul!$BY$67)*64-ROUND(INDEX('Liste outils'!$H$6:$H$130,Calcul!$BY$67)*64,0))>0.0005,"≈ ","")&IF(INT(ROUND(INDEX('Liste outils'!$H$6:$H$130,Calcul!$BY$67)*64,0)/64)>0,INT(ROUND(INDEX('Liste outils'!$H$6:$H$130,Calcul!$BY$67)*64,0)/64)&IF(MOD(ROUND(INDEX('Liste outils'!$H$6:$H$130,Calcul!$BY$67)*64,0),64)>0," ",""),"")&IF(MOD(ROUND(INDEX('Liste outils'!$H$6:$H$130,Calcul!$BY$67)*64,0),64)>0,MOD(ROUND(INDEX('Liste outils'!$H$6:$H$130,Calcul!$BY$67)*64,0),64)/GCD(MOD(ROUND(INDEX('Liste outils'!$H$6:$H$130,Calcul!$BY$67)*64,0),64),64)&"/"&64/GCD(MOD(ROUND(INDEX('Liste outils'!$H$6:$H$130,Calcul!$BY$67)*64,0),64),64),IF(ROUND(INDEX('Liste outils'!$H$6:$H$130,Calcul!$BY$67)*64,0)=0,"0",""))&""""))&" · "&FIXED(INDEX('Liste outils'!$H$6:$H$130,Calcul!$BY$67),4,TRUE())&" po · "&FIXED(INDEX('Liste outils'!$H$6:$H$130,Calcul!$BY$67)*25.4,3,TRUE())&" mm"),"")) -> 1/2" · 0.5000 po · 12.700 mm | E21: =IF(Calcul!$BY$67=0,"",INDEX('Liste outils'!$J$6:$J$130,Calcul!$BY$67)&"") -> Downcut | F21: =IF(Calcul!$BY$67=0,"",INDEX('Liste outils'!$K$6:$K$130,Calcul!$BY$67)&"") -> 1 | G21: =IF(Calcul!$BY$67=0,"",INDEX('Liste outils'!$O$6:$O$130,Calcul!$BY$67)&"") -> 62-712 | H21: =IF(Calcul!$BY$67=0,"",INDEX('Liste outils'!$P$6:$P$130,Calcul!$BY$67)&"") -> LMT Onsrud | I21: =IF(Calcul!$BY$67=0,"",INDEX('Liste outils'!$AB$6:$AB$130,Calcul!$BY$67)&"") -> A-1-D-1 | J21: =IF(Calcul!$BY$67=0,"",INDEX('Liste outils'!$AA$6:$AA$130,Calcul!$BY$67)&"") -> Hard Plastic | K21: =IF(Calcul!$BY$67=0,"",INDEX('Liste outils'!$AC$6:$AC$130,Calcul!$BY$67)&"")
A22: =IF(Calcul!$BY$68=0,"",INDEX('Liste outils'!$B$6:$B$130,Calcul!$BY$68)&"") -> EM0030 | B22: =IF(Calcul!$BY$68=0,"",INDEX('Liste outils'!$C$6:$C$130,Calcul!$BY$68)&"") -> End Mill | C22: =IF(Calcul!$BY$68=0,"",IF(ISNUMBER(INDEX('Liste outils'!$E$6:$E$130,Calcul!$BY$68)),IF(NOT(ISNUMBER(INDEX('Liste outils'!$E$6:$E$130,Calcul!$BY$68))),"",IF(NOT(ISNUMBER(INDEX('Liste outils'!$E$6:$E$130,Calcul!$BY$68))),"",IF(INDEX('Liste outils'!$E$6:$E$130,Calcul!$BY$68)<=0,"",IF(ABS(INDEX('Liste outils'!$E$6:$E$130,Calcul!$BY$68)*64-ROUND(INDEX('Liste outils'!$E$6:$E$130,Calcul!$BY$68)*64,0))>0.0005,"≈ ","")&IF(INT(ROUND(INDEX('Liste outils'!$E$6:$E$130,Calcul!$BY$68)*64,0)/64)>0,INT(ROUND(INDEX('Liste outils'!$E$6:$E$130,Calcul!$BY$68)*64,0)/64)&IF(MOD(ROUND(INDEX('Liste outils'!$E$6:$E$130,Calcul!$BY$68)*64,0),64)>0," ",""),"")&IF(MOD(ROUND(INDEX('Liste outils'!$E$6:$E$130,Calcul!$BY$68)*64,0),64)>0,MOD(ROUND(INDEX('Liste outils'!$E$6:$E$130,Calcul!$BY$68)*64,0),64)/GCD(MOD(ROUND(INDEX('Liste outils'!$E$6:$E$130,Calcul!$BY$68)*64,0),64),64)&"/"&64/GCD(MOD(ROUND(INDEX('Liste outils'!$E$6:$E$130,Calcul!$BY$68)*64,0),64),64),IF(ROUND(INDEX('Liste outils'!$E$6:$E$130,Calcul!$BY$68)*64,0)=0,"0",""))&""""))&" · "&FIXED(INDEX('Liste outils'!$E$6:$E$130,Calcul!$BY$68),4,TRUE())&" po · "&FIXED(INDEX('Liste outils'!$E$6:$E$130,Calcul!$BY$68)*25.4,3,TRUE())&" mm"),"")) -> 1/8" · 0.1250 po · 3.175 mm | D22: =IF(Calcul!$BY$68=0,"",IF(ISNUMBER(INDEX('Liste outils'!$H$6:$H$130,Calcul!$BY$68)),IF(NOT(ISNUMBER(INDEX('Liste outils'!$H$6:$H$130,Calcul!$BY$68))),"",IF(NOT(ISNUMBER(INDEX('Liste outils'!$H$6:$H$130,Calcul!$BY$68))),"",IF(INDEX('Liste outils'!$H$6:$H$130,Calcul!$BY$68)<=0,"",IF(ABS(INDEX('Liste outils'!$H$6:$H$130,Calcul!$BY$68)*64-ROUND(INDEX('Liste outils'!$H$6:$H$130,Calcul!$BY$68)*64,0))>0.0005,"≈ ","")&IF(INT(ROUND(INDEX('Liste outils'!$H$6:$H$130,Calcul!$BY$68)*64,0)/64)>0,INT(ROUND(INDEX('Liste outils'!$H$6:$H$130,Calcul!$BY$68)*64,0)/64)&IF(MOD(ROUND(INDEX('Liste outils'!$H$6:$H$130,Calcul!$BY$68)*64,0),64)>0," ",""),"")&IF(MOD(ROUND(INDEX('Liste outils'!$H$6:$H$130,Calcul!$BY$68)*64,0),64)>0,MOD(ROUND(INDEX('Liste outils'!$H$6:$H$130,Calcul!$BY$68)*64,0),64)/GCD(MOD(ROUND(INDEX('Liste outils'!$H$6:$H$130,Calcul!$BY$68)*64,0),64),64)&"/"&64/GCD(MOD(ROUND(INDEX('Liste outils'!$H$6:$H$130,Calcul!$BY$68)*64,0),64),64),IF(ROUND(INDEX('Liste outils'!$H$6:$H$130,Calcul!$BY$68)*64,0)=0,"0",""))&""""))&" · "&FIXED(INDEX('Liste outils'!$H$6:$H$130,Calcul!$BY$68),4,TRUE())&" po · "&FIXED(INDEX('Liste outils'!$H$6:$H$130,Calcul!$BY$68)*25.4,3,TRUE())&" mm"),"")) -> 1/2" · 0.5000 po · 12.700 mm | E22: =IF(Calcul!$BY$68=0,"",INDEX('Liste outils'!$J$6:$J$130,Calcul!$BY$68)&"") -> Upcut | F22: =IF(Calcul!$BY$68=0,"",INDEX('Liste outils'!$K$6:$K$130,Calcul!$BY$68)&"") -> 2 | G22: =IF(Calcul!$BY$68=0,"",INDEX('Liste outils'!$O$6:$O$130,Calcul!$BY$68)&"") -> 52-240B | H22: =IF(Calcul!$BY$68=0,"",INDEX('Liste outils'!$P$6:$P$130,Calcul!$BY$68)&"") -> LMT Onsrud | I22: =IF(Calcul!$BY$68=0,"",INDEX('Liste outils'!$AB$6:$AB$130,Calcul!$BY$68)&"") -> A-1-K-1 | J22: =IF(Calcul!$BY$68=0,"",INDEX('Liste outils'!$AA$6:$AA$130,Calcul!$BY$68)&"") -> Soft Wood, Hard Wood, Wood Composite, Soft Plastic, Hard Plastic, Aluminum | K22: =IF(Calcul!$BY$68=0,"",INDEX('Liste outils'!$AC$6:$AC$130,Calcul!$BY$68)&"") -> Ball Nose
A23: =IF(Calcul!$BY$69=0,"",INDEX('Liste outils'!$B$6:$B$130,Calcul!$BY$69)&"") -> EM0047 | B23: =IF(Calcul!$BY$69=0,"",INDEX('Liste outils'!$C$6:$C$130,Calcul!$BY$69)&"") -> End Mill | C23: =IF(Calcul!$BY$69=0,"",IF(ISNUMBER(INDEX('Liste outils'!$E$6:$E$130,Calcul!$BY$69)),IF(NOT(ISNUMBER(INDEX('Liste outils'!$E$6:$E$130,Calcul!$BY$69))),"",IF(NOT(ISNUMBER(INDEX('Liste outils'!$E$6:$E$130,Calcul!$BY$69))),"",IF(INDEX('Liste outils'!$E$6:$E$130,Calcul!$BY$69)<=0,"",IF(ABS(INDEX('Liste outils'!$E$6:$E$130,Calcul!$BY$69)*64-ROUND(INDEX('Liste outils'!$E$6:$E$130,Calcul!$BY$69)*64,0))>0.0005,"≈ ","")&IF(INT(ROUND(INDEX('Liste outils'!$E$6:$E$130,Calcul!$BY$69)*64,0)/64)>0,INT(ROUND(INDEX('Liste outils'!$E$6:$E$130,Calcul!$BY$69)*64,0)/64)&IF(MOD(ROUND(INDEX('Liste outils'!$E$6:$E$130,Calcul!$BY$69)*64,0),64)>0," ",""),"")&IF(MOD(ROUND(INDEX('Liste outils'!$E$6:$E$130,Calcul!$BY$69)*64,0),64)>0,MOD(ROUND(INDEX('Liste outils'!$E$6:$E$130,Calcul!$BY$69)*64,0),64)/GCD(MOD(ROUND(INDEX('Liste outils'!$E$6:$E$130,Calcul!$BY$69)*64,0),64),64)&"/"&64/GCD(MOD(ROUND(INDEX('Liste outils'!$E$6:$E$130,Calcul!$BY$69)*64,0),64),64),IF(ROUND(INDEX('Liste outils'!$E$6:$E$130,Calcul!$BY$69)*64,0)=0,"0",""))&""""))&" · "&FIXED(INDEX('Liste outils'!$E$6:$E$130,Calcul!$BY$69),4,TRUE())&" po · "&FIXED(INDEX('Liste outils'!$E$6:$E$130,Calcul!$BY$69)*25.4,3,TRUE())&" mm"),"")) -> 1/8" · 0.1250 po · 3.175 mm | D23: =IF(Calcul!$BY$69=0,"",IF(ISNUMBER(INDEX('Liste outils'!$H$6:$H$130,Calcul!$BY$69)),IF(NOT(ISNUMBER(INDEX('Liste outils'!$H$6:$H$130,Calcul!$BY$69))),"",IF(NOT(ISNUMBER(INDEX('Liste outils'!$H$6:$H$130,Calcul!$BY$69))),"",IF(INDEX('Liste outils'!$H$6:$H$130,Calcul!$BY$69)<=0,"",IF(ABS(INDEX('Liste outils'!$H$6:$H$130,Calcul!$BY$69)*64-ROUND(INDEX('Liste outils'!$H$6:$H$130,Calcul!$BY$69)*64,0))>0.0005,"≈ ","")&IF(INT(ROUND(INDEX('Liste outils'!$H$6:$H$130,Calcul!$BY$69)*64,0)/64)>0,INT(ROUND(INDEX('Liste outils'!$H$6:$H$130,Calcul!$BY$69)*64,0)/64)&IF(MOD(ROUND(INDEX('Liste outils'!$H$6:$H$130,Calcul!$BY$69)*64,0),64)>0," ",""),"")&IF(MOD(ROUND(INDEX('Liste outils'!$H$6:$H$130,Calcul!$BY$69)*64,0),64)>0,MOD(ROUND(INDEX('Liste outils'!$H$6:$H$130,Calcul!$BY$69)*64,0),64)/GCD(MOD(ROUND(INDEX('Liste outils'!$H$6:$H$130,Calcul!$BY$69)*64,0),64),64)&"/"&64/GCD(MOD(ROUND(INDEX('Liste outils'!$H$6:$H$130,Calcul!$BY$69)*64,0),64),64),IF(ROUND(INDEX('Liste outils'!$H$6:$H$130,Calcul!$BY$69)*64,0)=0,"0",""))&""""))&" · "&FIXED(INDEX('Liste outils'!$H$6:$H$130,Calcul!$BY$69),4,TRUE())&" po · "&FIXED(INDEX('Liste outils'!$H$6:$H$130,Calcul!$BY$69)*25.4,3,TRUE())&" mm"),"")) -> 1/2" · 0.5000 po · 12.700 mm | E23: =IF(Calcul!$BY$69=0,"",INDEX('Liste outils'!$J$6:$J$130,Calcul!$BY$69)&"") -> Upcut | F23: =IF(Calcul!$BY$69=0,"",INDEX('Liste outils'!$K$6:$K$130,Calcul!$BY$69)&"") -> 1 | G23: =IF(Calcul!$BY$69=0,"",INDEX('Liste outils'!$O$6:$O$130,Calcul!$BY$69)&"") -> 63-762 | H23: =IF(Calcul!$BY$69=0,"",INDEX('Liste outils'!$P$6:$P$130,Calcul!$BY$69)&"") -> LMT Onsrud | I23: =IF(Calcul!$BY$69=0,"",INDEX('Liste outils'!$AB$6:$AB$130,Calcul!$BY$69)&"") -> A-1-A-4 | J23: =IF(Calcul!$BY$69=0,"",INDEX('Liste outils'!$AA$6:$AA$130,Calcul!$BY$69)&"") -> Soft Plastic, Solid Surface | K23: =IF(Calcul!$BY$69=0,"",INDEX('Liste outils'!$AC$6:$AC$130,Calcul!$BY$69)&"")
